{"type":"FeatureCollection","features":[{"type":"Feature","geometry":{"type":"MultiLineString","coordinates":[[[71.358293,38.268548],[71.120977,38.007058],[70.885821,37.606235],[70.751717,37.104214],[70.83409,36.909478],[70.847856,36.577452],[70.738398,36.348598],[70.314917,35.841118],[69.517884,35.30739]]]},"properties":{"role":"crustal","catalog_id":"ME_AF37","catalog_name":"EMME","fs_name":null,"slip_type":"Normal","net_slip_rate":"(3.0,2.0,4.0)"}},{"type":"Feature","geometry":{"type":"MultiLineString","coordinates":[[[70.99623,38.901821],[70.286344,38.318535],[70.179799,37.934425],[70.226019,37.426665],[70.36018,36.969167],[70.320771,36.864913],[70.2024,36.534723],[69.92951,36.255218],[69.674167,36.1415],[69.466068,36.131446]]]},"properties":{"role":"crustal","catalog_id":"ME_AS38","catalog_name":"EMME","fs_name":null,"slip_type":"Sinistral-Normal","net_slip_rate":"(3.0,2.0,4.0)"}},{"type":"Feature","geometry":{"type":"MultiLineString","coordinates":[[[71.808908,35.912193],[71.789186,35.849502],[71.751035,35.705565],[71.709651,35.584349],[71.634321,35.442121],[71.548905,35.331099],[71.45115,35.181546],[71.339329,35.001713],[71.235466,34.899454],[71.107619,34.807267],[70.954356,34.719099],[70.768943,34.63129],[70.589385,34.569997],[70.468595,34.554214],[70.360068,34.564249]]]},"properties":{"role":"crustal","catalog_id":"ME_AS39","catalog_name":"EMME","fs_name":null,"slip_type":"Normal","net_slip_rate":"(1.5,1.0,2.0)"}},{"type":"Feature","geometry":{"type":"MultiLineString","coordinates":[[[65.571382,34.361014],[66.091041,34.439756],[66.831551,34.515628],[67.250737,34.632584],[67.746779,34.743349],[68.684867,34.944801],[68.843904,35.006242],[68.990394,35.039216],[69.086576,35.075254]]]},"properties":{"role":"crustal","catalog_id":"ME_AF06","catalog_name":"EMME","fs_name":null,"slip_type":"Dextral","net_slip_rate":"(1.9,0.75,3.0)"}},{"type":"Feature","geometry":{"type":"MultiLineString","coordinates":[[[69.510918,35.300136],[69.457928,35.269948],[69.397719,35.249269],[69.317942,35.220007],[69.212037,35.154984],[69.121619,35.082209]]]},"properties":{"role":"crustal","catalog_id":"ME_AF01","catalog_name":"EMME","fs_name":null,"slip_type":"Reverse","net_slip_rate":"(1.1,0.2,2.0)"}},{"type":"Feature","geometry":{"type":"MultiLineString","coordinates":[[[62.055877,34.653562],[62.170643,34.61177],[62.260439,34.595023],[62.440505,34.579843],[62.669974,34.572117],[62.850125,34.561896],[63.068128,34.532885],[63.300791,34.490662],[63.516232,34.465908],[63.781948,34.464113],[63.972018,34.463316],[64.156947,34.508438],[64.357474,34.524873],[64.599188,34.53458]]]},"properties":{"role":"crustal","catalog_id":"ME_AF24","catalog_name":"EMME","fs_name":null,"slip_type":"Dextral","net_slip_rate":"(0.5,0.1,0.8)"}},{"type":"Feature","geometry":{"type":"MultiLineString","coordinates":[[[63.171811,34.404879],[63.403925,34.373308],[64.063945,34.342219],[64.857761,34.316767],[65.293892,34.351287],[65.414054,34.364496],[65.498659,34.36809],[65.565217,34.360827]]]},"properties":{"role":"crustal","catalog_id":"ME_AF23","catalog_name":"EMME","fs_name":null,"slip_type":"Dextral","net_slip_rate":"(1.9,0.75,3.0)"}},{"type":"Feature","geometry":{"type":"MultiLineString","coordinates":[[[61.357186,34.471029],[61.183228,34.554535],[60.962188,34.617472],[60.884087,34.626669],[60.839347,34.633755],[60.821528,34.649138],[60.726493,34.649415],[60.697246,34.656262],[60.386845,34.766379],[60.026016,34.939496],[59.815677,35.048841]]]},"properties":{"role":"crustal","catalog_id":"ME_AF25","catalog_name":"EMME","fs_name":null,"slip_type":"Normal","net_slip_rate":"(1.5,0.5,2.5)"}},{"type":"Feature","geometry":{"type":"MultiLineString","coordinates":[[[61.984122,34.648304],[61.927456,34.708037],[61.766532,34.772366],[61.593272,34.879265],[61.37704,34.950664],[61.10576,35.139299]]]},"properties":{"role":"crustal","catalog_id":"ME_AF26","catalog_name":"EMME","fs_name":null,"slip_type":"Normal","net_slip_rate":"(0.8,0.1,1.5)"}},{"type":"Feature","geometry":{"type":"MultiLineString","coordinates":[[[68.059983,32.954497],[68.229527,33.033588],[68.620159,33.242532],[69.096566,33.450881],[69.361656,33.694129]]]},"properties":{"role":"crustal","catalog_id":"ME_AF11","catalog_name":"EMME","fs_name":null,"slip_type":"Sinistral-Normal","net_slip_rate":"(2.5,1.0,4.0)"}},{"type":"Feature","geometry":{"type":"MultiLineString","coordinates":[[[61.467964,34.424387],[61.790869,34.376681],[61.967351,34.422455],[62.10497,34.449148],[62.367065,34.394666],[62.648622,34.350587],[62.845794,34.323517],[62.96957,34.382608],[63.080466,34.405941],[63.127933,34.407258],[63.166311,34.405059]]]},"properties":{"role":"crustal","catalog_id":"ME_AF29","catalog_name":"EMME","fs_name":null,"slip_type":"Normal","net_slip_rate":"(1.9,0.75,3.0)"}},{"type":"Feature","geometry":{"type":"MultiLineString","coordinates":[[[59.986654,35.68656],[60.144448,35.587186],[60.54277,35.415061],[60.866433,35.304812],[61.073819,35.164195]]]},"properties":{"role":"crustal","catalog_id":"ME_AF27","catalog_name":"EMME","fs_name":null,"slip_type":"Normal","net_slip_rate":"(0.8,0.1,1.5)"}},{"type":"Feature","geometry":{"type":"MultiLineString","coordinates":[[[60.453983,35.974828],[60.723549,35.84071],[60.806049,35.787135],[60.86095,35.751976],[60.92639,35.722596],[61.074599,35.581883],[61.148528,35.455712],[61.306669,35.350014],[61.421712,35.258203],[61.476607,35.18432]]]},"properties":{"role":"crustal","catalog_id":"ME_AF28","catalog_name":"EMME","fs_name":null,"slip_type":"Normal","net_slip_rate":"(0.8,0.1,1.5)"}},{"type":"Feature","geometry":{"type":"MultiLineString","coordinates":[[[66.787356,31.498965],[66.944905,31.740471],[67.585704,32.517541],[67.765355,32.762376],[67.993725,32.944626]]]},"properties":{"role":"crustal","catalog_id":"ME_AF22","catalog_name":"EMME","fs_name":null,"slip_type":"Sinistral-Normal","net_slip_rate":"(3.4,1.0,5.8)"}},{"type":"Feature","geometry":{"type":"MultiLineString","coordinates":[[[68.04479,32.994244],[68.228893,33.205996],[68.347215,33.439783],[68.521893,33.632487],[68.613821,33.804986],[68.660827,33.890278],[68.734268,34.056527],[68.875004,34.271712]]]},"properties":{"role":"crustal","catalog_id":"ME_AF09","catalog_name":"EMME","fs_name":null,"slip_type":"Sinistral-Normal","net_slip_rate":"(3.5,1.0,6.0)"}},{"type":"Feature","geometry":{"type":"MultiLineString","coordinates":[[[67.39438,32.114439],[67.843485,32.4557],[67.913245,32.552388],[68.383921,32.909566]]]},"properties":{"role":"crustal","catalog_id":"ME_AF14","catalog_name":"EMME","fs_name":null,"slip_type":"Sinistral-Normal","net_slip_rate":"(2.2,1.0,3.5)"}},{"type":"Feature","geometry":{"type":"MultiLineString","coordinates":[[[66.611053,31.969823],[66.915344,32.128486],[67.243539,32.32906],[67.621066,32.667075]]]},"properties":{"role":"crustal","catalog_id":"ME_AF19","catalog_name":"EMME","fs_name":null,"slip_type":"Sinistral-Normal","net_slip_rate":"(2.2,1.0,3.5)"}},{"type":"Feature","geometry":{"type":"MultiLineString","coordinates":[[[68.866852,34.291704],[68.913938,34.356599],[68.971574,34.501296],[69.086537,34.859358],[69.099365,35.078262]]]},"properties":{"role":"crustal","catalog_id":"ME_AF10","catalog_name":"EMME","fs_name":null,"slip_type":"Sinistral-Normal","net_slip_rate":"(3.5,1.0,6.0)"}},{"type":"Feature","geometry":{"type":"MultiLineString","coordinates":[[[69.70418,34.478525],[69.700727,34.626575],[69.679326,34.750842],[69.672396,34.830731],[69.606875,34.935074],[69.463807,35.075454],[69.415817,35.118832],[69.339735,35.154976],[69.281304,35.159752]]]},"properties":{"role":"crustal","catalog_id":"ME_AF02","catalog_name":"EMME","fs_name":null,"slip_type":"Normal","net_slip_rate":"(1.1,0.2,2.0)"}},{"type":"Feature","geometry":{"type":"MultiLineString","coordinates":[[[72.588524,36.215787],[72.346125,36.059659],[72.032401,35.827392],[71.899534,35.689173],[71.811715,35.594036]]]},"properties":{"role":"crustal","catalog_id":"ME_PK91s10","catalog_name":"EMME","fs_name":null,"slip_type":"Sinistral-Reverse","net_slip_rate":"(0.6,0.15,1.0)"}},{"type":"Feature","geometry":{"type":"MultiLineString","coordinates":[[[73.105517,35.33958],[72.905386,35.145217],[72.800545,35.077686]]]},"properties":{"role":"crustal","catalog_id":"ME_PK21s1s1","catalog_name":"EMME","fs_name":null,"slip_type":"Sinistral","net_slip_rate":"(0.6,0.15,1.0)"}},{"type":"Feature","geometry":{"type":"MultiLineString","coordinates":[[[72.786911,35.07512],[72.702681,35.006171],[72.666763,34.917147],[72.598217,34.833598]]]},"properties":{"role":"crustal","catalog_id":"ME_PK31s1s4","catalog_name":"EMME","fs_name":null,"slip_type":"Reverse","net_slip_rate":"(0.6,0.15,1.0)"}},{"type":"Feature","geometry":{"type":"MultiLineString","coordinates":[[[73.726026,34.65445],[73.764054,34.688283],[73.824856,34.72836],[73.943534,34.730042],[74.012946,34.727321],[74.080842,34.714594],[74.115028,34.710636],[74.133099,34.720111]]]},"properties":{"role":"crustal","catalog_id":"ME_PK41s1s1","catalog_name":"EMME","fs_name":null,"slip_type":"Reverse","net_slip_rate":"(0.6,0.15,1.0)"}},{"type":"Feature","geometry":{"type":"MultiLineString","coordinates":[[[73.750172,34.053988],[73.728946,34.108773],[73.679055,34.14452],[73.673578,34.184765],[73.472338,34.395293]]]},"properties":{"role":"crustal","catalog_id":"ME_PK56s2s1","catalog_name":"EMME","fs_name":null,"slip_type":"Reverse","net_slip_rate":"(0.6,0.15,1.0)"}},{"type":"Feature","geometry":{"type":"MultiLineString","coordinates":[[[73.45775,34.387047],[73.399971,34.42925],[73.343394,34.589292]]]},"properties":{"role":"crustal","catalog_id":"ME_PK56s2s3","catalog_name":"EMME","fs_name":null,"slip_type":"Reverse","net_slip_rate":"(0.8,0.5,1.0)"}},{"type":"Feature","geometry":{"type":"MultiLineString","coordinates":[[[74.109898,34.086819],[73.826889,34.196062],[73.751724,34.261188]]]},"properties":{"role":"crustal","catalog_id":"ME_PK56s1s8","catalog_name":"EMME","fs_name":null,"slip_type":"Reverse","net_slip_rate":"(0.6,0.15,1.0)"}},{"type":"Feature","geometry":{"type":"MultiLineString","coordinates":[[[73.620543,34.046691],[73.589823,33.946314],[73.551264,33.850831],[73.508424,33.754449],[73.442572,33.693884],[73.368365,33.603647],[73.274706,33.524846],[73.201673,33.489362]]]},"properties":{"role":"crustal","catalog_id":"ME_PK65s1s1","catalog_name":"EMME","fs_name":null,"slip_type":"Reverse","net_slip_rate":"(0.6,0.15,1.0)"}},{"type":"Feature","geometry":{"type":"MultiLineString","coordinates":[[[69.91885,32.109138],[69.954392,32.321944],[70.066381,32.570274],[70.204206,32.821108],[70.224625,32.871212],[70.272884,32.988896],[70.365559,33.147043],[70.479815,33.241593],[70.530371,33.314588]]]},"properties":{"role":"crustal","catalog_id":"ME_PK74s1s1","catalog_name":"EMME","fs_name":null,"slip_type":"Reverse","net_slip_rate":"(1.5,1.0,2.0)"}},{"type":"Feature","geometry":{"type":"MultiLineString","coordinates":[[[69.635349,32.824683],[69.525404,32.625009],[69.385859,32.522371],[69.310257,32.347828],[69.319406,32.29569],[69.319406,32.109966]]]},"properties":{"role":"crustal","catalog_id":"ME_PK97s1s4","catalog_name":"EMME","fs_name":null,"slip_type":"Reverse","net_slip_rate":"(1.5,1.0,2.0)"}},{"type":"Feature","geometry":{"type":"MultiLineString","coordinates":[[[72.609927,31.242753],[72.171324,31.406978],[71.767399,31.59191],[71.303277,31.888348],[71.034792,32.108878]]]},"properties":{"role":"crustal","catalog_id":"ME_PK100s1s1","catalog_name":"EMME","fs_name":null,"slip_type":"Normal","net_slip_rate":"(2.0,1.0,3.0)"}},{"type":"Feature","geometry":{"type":"MultiLineString","coordinates":[[[68.558736,30.419849],[68.45043,30.466506],[68.110117,30.540938],[67.436764,30.610877]]]},"properties":{"role":"crustal","catalog_id":"ME_PK105s5s2","catalog_name":"EMME","fs_name":null,"slip_type":"Reverse","net_slip_rate":"(2.0,1.0,3.0)"}},{"type":"Feature","geometry":{"type":"MultiLineString","coordinates":[[[69.807218,31.134843],[69.740892,30.95795],[69.649401,30.80743],[69.577911,30.706151],[69.418215,30.585343]]]},"properties":{"role":"crustal","catalog_id":"ME_PK106s1s1","catalog_name":"EMME","fs_name":null,"slip_type":"Reverse","net_slip_rate":"(2.0,1.0,3.0)"}},{"type":"Feature","geometry":{"type":"MultiLineString","coordinates":[[[67.29084,28.898833],[67.347829,29.152194],[67.33066,29.240241],[67.370036,29.370378],[67.378654,29.704574]]]},"properties":{"role":"crustal","catalog_id":"ME_PK146s1s1","catalog_name":"EMME","fs_name":null,"slip_type":"Reverse","net_slip_rate":"(1.5,1.0,2.0)"}},{"type":"Feature","geometry":{"type":"MultiLineString","coordinates":[[[70.413001,26.29996],[70.300844,26.451876],[70.224175,26.521771],[70.146974,26.602079],[70.070298,26.671974],[69.858434,26.934582],[69.700233,27.168092],[69.423044,27.480194],[69.133192,27.833518],[68.889826,28.094834],[68.554287,28.51933]]]},"properties":{"role":"crustal","catalog_id":"ME_PK166s1s1","catalog_name":"EMME","fs_name":null,"slip_type":"Normal","net_slip_rate":"(1.5,1.0,2.0)"}},{"type":"Feature","geometry":{"type":"MultiLineString","coordinates":[[[71.136929,23.471406],[70.159937,23.499454],[68.87179,23.959796]]]},"properties":{"role":"crustal","catalog_id":"ME_PK171s1s1","catalog_name":"EMME","fs_name":null,"slip_type":"Normal","net_slip_rate":"(1.6,0.15,3.0)"}},{"type":"Feature","geometry":{"type":"MultiLineString","coordinates":[[[66.531322,27.680745],[66.601141,27.524383],[66.60665,27.149817],[66.683525,26.871272],[66.728715,26.80032],[66.771085,26.469879],[67.026217,25.828475],[67.043618,25.686797],[67.031542,25.532805],[66.984661,25.206245],[66.827997,24.911694]]]},"properties":{"role":"crustal","catalog_id":"ME_PK180s1s1","catalog_name":"EMME","fs_name":null,"slip_type":"Reverse","net_slip_rate":"(2.0,1.0,3.0)"}},{"type":"Feature","geometry":{"type":"MultiLineString","coordinates":[[[65.188815,27.051122],[65.159914,27.009879],[65.082512,26.951112],[64.920486,26.848015],[64.842055,26.802654],[64.765001,26.769666],[64.686573,26.742178],[64.608145,26.717439]]]},"properties":{"role":"crustal","catalog_id":"ME_PK214s1s2","catalog_name":"EMME","fs_name":null,"slip_type":"Reverse","net_slip_rate":"(1.5,1.0,2.0)"}},{"type":"Feature","geometry":{"type":"MultiLineString","coordinates":[[[73.851643,36.656962],[73.36832,36.712678],[72.987241,36.615118]]]},"properties":{"role":"crustal","catalog_id":"ME_PK4s1s1","catalog_name":"EMME","fs_name":null,"slip_type":"Reverse","net_slip_rate":"(0.6,0.15,1.0)"}},{"type":"Feature","geometry":{"type":"MultiLineString","coordinates":[[[72.909449,36.584128],[72.654721,36.388971],[72.508655,36.277064],[72.402932,36.20284]]]},"properties":{"role":"crustal","catalog_id":"ME_PK4s1s5678","catalog_name":"EMME","fs_name":null,"slip_type":"Sinistral-Reverse","net_slip_rate":"(0.6,0.15,1.0)"}},{"type":"Feature","geometry":{"type":"MultiLineString","coordinates":[[[69.356149,32.021879],[69.43212,31.85907],[69.437524,31.789883],[69.419622,31.676493],[69.366467,31.605371],[69.282448,31.543077],[69.248451,31.487612],[69.187829,31.257523],[69.088178,31.15725],[68.948239,30.941569],[68.848365,30.863603],[68.662058,30.780733],[68.503398,30.749221],[68.418557,30.756828],[68.285833,30.797762],[68.135021,30.803393],[68.003911,30.851039],[67.883234,30.858558],[67.629251,30.793108],[67.303953,30.653454]]]},"properties":{"role":"crustal","catalog_id":"ME_PK102","catalog_name":"EMME","fs_name":null,"slip_type":"Reverse","net_slip_rate":"(2.0,1.0,3.0)"}},{"type":"Feature","geometry":{"type":"MultiLineString","coordinates":[[[73.028813,36.849939],[72.844905,36.807686],[72.693137,36.745931],[72.573052,36.671001],[72.468475,36.531539],[72.317894,36.438703],[71.984984,36.283497],[71.918263,36.161293],[71.628961,35.975363]]]},"properties":{"role":"crustal","catalog_id":"ME_PK211","catalog_name":"EMME","fs_name":null,"slip_type":"Sinistral-Reverse","net_slip_rate":"(1.6,0.3,3.0)"}},{"type":"Feature","geometry":{"type":"MultiLineString","coordinates":[[[73.746282,36.812242],[73.373734,36.859241],[73.231264,36.802592],[73.095053,36.811772],[72.94774,36.771262],[72.786525,36.692033]]]},"properties":{"role":"crustal","catalog_id":"ME_PK212","catalog_name":"EMME","fs_name":null,"slip_type":"Reverse","net_slip_rate":"(0.6,0.15,1.0)"}},{"type":"Feature","geometry":{"type":"MultiLineString","coordinates":[[[71.10468,33.126739],[71.100141,33.118337],[71.035625,33.109516],[70.946107,33.10795],[70.918425,33.119114],[70.791739,33.10002],[70.783256,33.091982],[70.7366,33.082268],[70.714389,33.045762],[70.665612,33.035155],[70.616053,33.031135],[70.525306,33.044194]]]},"properties":{"role":"crustal","catalog_id":"ME_PK213","catalog_name":"EMME","fs_name":null,"slip_type":"Reverse","net_slip_rate":"(1.5,1.0,2.0)"}},{"type":"Feature","geometry":{"type":"MultiLineString","coordinates":[[[71.516126,33.167046],[71.346421,33.149427],[71.308493,33.136584],[71.238508,33.140382],[71.163178,33.12791],[71.128422,33.127465]]]},"properties":{"role":"crustal","catalog_id":"ME_PK7214","catalog_name":"EMME","fs_name":null,"slip_type":"Reverse","net_slip_rate":"(1.5,1.0,2.0)"}},{"type":"Feature","geometry":{"type":"MultiLineString","coordinates":[[[72.768493,36.675719],[72.561678,36.450309],[72.109582,36.133219],[71.947368,36.09046],[71.867175,36.037048],[71.819579,35.961854]]]},"properties":{"role":"crustal","catalog_id":"ME_PK10","catalog_name":"EMME","fs_name":null,"slip_type":"Sinistral-Reverse","net_slip_rate":"(0.6,0.15,1.0)"}},{"type":"Feature","geometry":{"type":"MultiLineString","coordinates":[[[73.790596,36.421793],[73.435839,36.44554],[73.06446,36.398804],[72.827521,36.293244],[72.659642,36.251773]]]},"properties":{"role":"crustal","catalog_id":"ME_PK12","catalog_name":"EMME","fs_name":null,"slip_type":"Reverse","net_slip_rate":"(0.6,0.15,1.0)"}},{"type":"Feature","geometry":{"type":"MultiLineString","coordinates":[[[72.590643,35.530757],[72.422133,35.511652],[72.278826,35.473608],[72.190473,35.43218],[71.760942,35.265728],[71.702926,35.233376]]]},"properties":{"role":"crustal","catalog_id":"ME_PK12","catalog_name":"EMME","fs_name":null,"slip_type":"Reverse","net_slip_rate":"(0.6,0.15,1.0)"}},{"type":"Feature","geometry":{"type":"MultiLineString","coordinates":[[[72.597266,35.494802],[72.453913,35.460283],[72.325398,35.400677],[72.183357,35.352909],[71.599035,35.070585]]]},"properties":{"role":"crustal","catalog_id":"ME_PK13","catalog_name":"EMME","fs_name":null,"slip_type":"Reverse","net_slip_rate":"(0.6,0.15,1.0)"}},{"type":"Feature","geometry":{"type":"MultiLineString","coordinates":[[[72.113586,34.730331],[71.944455,34.721671],[71.790913,34.753936],[71.644828,34.729297],[71.57409,34.732795],[71.144876,34.646764]]]},"properties":{"role":"crustal","catalog_id":"ME_PK20","catalog_name":"EMME","fs_name":null,"slip_type":"Dextral-Reverse","net_slip_rate":"(0.6,0.15,1.0)"}},{"type":"Feature","geometry":{"type":"MultiLineString","coordinates":[[[71.012727,34.452869],[71.688241,34.470137],[71.796547,34.483179],[71.938884,34.551027]]]},"properties":{"role":"crustal","catalog_id":"ME_PK22s1s23","catalog_name":"EMME","fs_name":null,"slip_type":"Reverse","net_slip_rate":"(0.6,0.15,1.0)"}},{"type":"Feature","geometry":{"type":"MultiLineString","coordinates":[[[72.577711,34.830421],[72.488332,34.798883],[72.421478,34.789934],[72.341944,34.748269],[72.226898,34.746406],[72.136953,34.715182]]]},"properties":{"role":"crustal","catalog_id":"ME_PK31","catalog_name":"EMME","fs_name":null,"slip_type":"Reverse","net_slip_rate":"(0.6,0.15,1.0)"}},{"type":"Feature","geometry":{"type":"MultiLineString","coordinates":[[[72.742843,35.10549],[72.602383,34.948664],[72.467266,34.864347],[72.339648,34.807869],[72.244733,34.774714]]]},"properties":{"role":"crustal","catalog_id":"ME_PK22","catalog_name":"EMME","fs_name":null,"slip_type":"Reverse","net_slip_rate":"(0.6,0.15,1.0)"}},{"type":"Feature","geometry":{"type":"MultiLineString","coordinates":[[[74.264209,35.181362],[74.11305,35.143938],[74.025084,35.142652],[73.884531,35.121203],[73.408144,34.874198],[73.358306,34.832575],[73.274327,34.827148],[73.161023,34.830733],[73.06838,34.834624]]]},"properties":{"role":"crustal","catalog_id":"ME_PK22","catalog_name":"EMME","fs_name":null,"slip_type":"Reverse","net_slip_rate":"(0.6,0.15,1.0)"}},{"type":"Feature","geometry":{"type":"MultiLineString","coordinates":[[[73.351714,34.408731],[73.305262,34.538166],[73.298846,34.601737],[73.324984,34.665832],[73.365256,34.729483],[73.411118,34.800171],[73.467621,34.839828],[73.537273,34.873011]]]},"properties":{"role":"crustal","catalog_id":"ME_PK42","catalog_name":"EMME","fs_name":null,"slip_type":"Reverse","net_slip_rate":"(0.6,0.15,1.0)"}},{"type":"Feature","geometry":{"type":"MultiLineString","coordinates":[[[73.491617,34.001277],[73.386374,33.87101],[73.239113,33.764347],[73.165941,33.706859],[73.018627,33.644097],[72.869999,33.630768],[72.74165,33.619566],[72.591356,33.596939],[72.452319,33.615062],[72.323957,33.649639],[72.112404,33.715165],[71.90018,33.707036],[71.686991,33.641047],[71.533494,33.609666],[71.346675,33.605462],[71.224771,33.598987],[71.149671,33.584147]]]},"properties":{"role":"crustal","catalog_id":"ME_PK56","catalog_name":"EMME","fs_name":null,"slip_type":"Reverse","net_slip_rate":"(1.5,1.0,2.0)"}},{"type":"Feature","geometry":{"type":"MultiLineString","coordinates":[[[73.19128,33.583926],[72.997866,33.506298],[72.913386,33.501245],[72.752234,33.433693],[72.518344,33.398434],[72.082131,33.469004]]]},"properties":{"role":"crustal","catalog_id":"ME_PK62s1s1","catalog_name":"EMME","fs_name":null,"slip_type":"Reverse","net_slip_rate":"(1.5,1.0,2.0)"}},{"type":"Feature","geometry":{"type":"MultiLineString","coordinates":[[[72.568736,33.330834],[72.534099,33.296472],[72.418913,33.268994],[72.288044,33.293929],[72.185236,33.300331],[72.044677,33.334901],[71.306958,33.327467]]]},"properties":{"role":"crustal","catalog_id":"ME_PK64","catalog_name":"EMME","fs_name":null,"slip_type":"Reverse","net_slip_rate":"(1.5,1.0,2.0)"}},{"type":"Feature","geometry":{"type":"MultiLineString","coordinates":[[[72.86411,34.05231],[72.80179,33.983167],[72.743855,33.918891],[72.619955,33.866421],[72.357559,33.874878],[72.2239,33.914031],[72.097235,33.927673],[71.943311,33.917057],[71.841611,33.872795]]]},"properties":{"role":"crustal","catalog_id":"ME_PK45","catalog_name":"EMME","fs_name":null,"slip_type":"Reverse","net_slip_rate":"(0.6,0.15,1.0)"}},{"type":"Feature","geometry":{"type":"MultiLineString","coordinates":[[[73.389433,34.337735],[73.401336,34.174376],[73.3559,34.074601],[73.235293,33.963677],[73.047957,33.843617],[72.871967,33.800105],[72.736197,33.779421],[72.612367,33.760452],[72.449109,33.7823],[72.245419,33.826754],[72.085037,33.849136],[71.970543,33.823082],[71.842699,33.786708],[71.721372,33.710717]]]},"properties":{"role":"crustal","catalog_id":"ME_PK53","catalog_name":"EMME","fs_name":null,"slip_type":"Reverse","net_slip_rate":"(1.5,1.0,2.0)"}},{"type":"Feature","geometry":{"type":"MultiLineString","coordinates":[[[71.644481,32.702225],[71.596025,32.923068],[71.541749,32.982173],[71.532815,33.051007]]]},"properties":{"role":"crustal","catalog_id":"ME_PK80","catalog_name":"EMME","fs_name":null,"slip_type":"Dextral","net_slip_rate":"(1.5,1.0,2.0)"}},{"type":"Feature","geometry":{"type":"MultiLineString","coordinates":[[[72.1197,32.389305],[71.973053,32.413597],[71.849184,32.501669],[71.721416,32.738511]]]},"properties":{"role":"crustal","catalog_id":"ME_PK94s2s9","catalog_name":"EMME","fs_name":null,"slip_type":"Dextral-Reverse","net_slip_rate":"(1.5,1.0,2.0)"}},{"type":"Feature","geometry":{"type":"MultiLineString","coordinates":[[[73.511298,32.816795],[73.35631,32.716669],[73.266579,32.719853],[73.136466,32.729015],[73.068644,32.657139],[72.955276,32.627195],[72.768314,32.655517],[72.611276,32.582684],[72.341258,32.526512],[72.272889,32.439326],[72.13418,32.389652]]]},"properties":{"role":"crustal","catalog_id":"ME_PK94s2s3","catalog_name":"EMME","fs_name":null,"slip_type":"Reverse","net_slip_rate":"(1.5,1.0,2.0)"}},{"type":"Feature","geometry":{"type":"MultiLineString","coordinates":[[[74.053373,32.977396],[73.822186,32.816003],[73.440472,32.626136],[73.220081,32.518679],[72.953071,32.493483],[72.753321,32.51474]]]},"properties":{"role":"crustal","catalog_id":"ME_PK95","catalog_name":"EMME","fs_name":null,"slip_type":"Reverse","net_slip_rate":"(1.5,1.0,2.0)"}},{"type":"Feature","geometry":{"type":"MultiLineString","coordinates":[[[71.158866,33.513466],[71.036823,33.487297],[70.848982,33.442477],[70.733564,33.42297],[70.667611,33.410838],[70.58861,33.379344],[70.543173,33.338597]]]},"properties":{"role":"crustal","catalog_id":"ME_PK61","catalog_name":"EMME","fs_name":null,"slip_type":"Reverse","net_slip_rate":"(1.5,1.0,2.0)"}},{"type":"Feature","geometry":{"type":"MultiLineString","coordinates":[[[71.115051,33.574219],[71.024132,33.553669],[70.951135,33.552974],[70.855102,33.568591],[70.789611,33.586431],[70.606501,33.60026],[70.515027,33.653529],[70.443452,33.740856],[70.371857,33.795027],[70.270417,33.844717]]]},"properties":{"role":"crustal","catalog_id":"ME_PK59","catalog_name":"EMME","fs_name":null,"slip_type":"Reverse","net_slip_rate":"(1.5,1.0,2.0)"}},{"type":"Feature","geometry":{"type":"MultiLineString","coordinates":[[[70.497666,30.821313],[70.552988,30.621831],[70.568692,30.498595],[70.570339,30.441785],[70.54344,30.338254],[70.478031,30.171034],[70.424533,30.085164],[70.333632,30.008304],[70.24405,29.966221]]]},"properties":{"role":"crustal","catalog_id":"ME_PK112","catalog_name":"EMME","fs_name":null,"slip_type":"Sinistral-Reverse","net_slip_rate":"(2.0,1.0,3.0)"}},{"type":"Feature","geometry":{"type":"MultiLineString","coordinates":[[[69.955094,31.919648],[69.963229,31.803907],[69.950578,31.787037],[69.937132,31.576188],[69.896184,31.480887],[69.880335,31.330602],[69.835521,31.16458]]]},"properties":{"role":"crustal","catalog_id":"ME_PK108","catalog_name":"EMME","fs_name":null,"slip_type":"Reverse","net_slip_rate":"(2.0,1.0,3.0)"}},{"type":"Feature","geometry":{"type":"MultiLineString","coordinates":[[[69.616704,30.960883],[69.543514,30.90914],[69.479535,30.860914],[69.411002,30.812683],[69.388874,30.797092],[69.332347,30.755729],[69.31317,30.744467],[69.261307,30.713995],[69.230631,30.695953],[69.129901,30.632246],[69.026503,30.570646],[68.938372,30.521468],[68.927703,30.515507],[68.8765,30.488111],[68.824176,30.460078],[68.797087,30.449948],[68.777483,30.441782],[68.707089,30.422236],[68.658921,30.408416]]]},"properties":{"role":"crustal","catalog_id":"ME_PK105","catalog_name":"EMME","fs_name":null,"slip_type":"Reverse","net_slip_rate":"(2.0,1.0,3.0)"}},{"type":"Feature","geometry":{"type":"MultiLineString","coordinates":[[[69.684351,30.51797],[69.556362,30.277392],[69.28732,30.063371],[68.919411,30.065687],[68.742295,29.994908],[68.521908,29.977298],[68.116736,30.077559]]]},"properties":{"role":"crustal","catalog_id":"ME_PK121","catalog_name":"EMME","fs_name":null,"slip_type":"Reverse","net_slip_rate":"(2.0,1.0,3.0)"}},{"type":"Feature","geometry":{"type":"MultiLineString","coordinates":[[[68.553596,29.612729],[69.087156,29.691048],[69.365807,29.785242],[69.545441,29.89923],[69.625982,30.088967]]]},"properties":{"role":"crustal","catalog_id":"ME_PK117","catalog_name":"EMME","fs_name":null,"slip_type":"Reverse","net_slip_rate":"(2.0,1.0,3.0)"}},{"type":"Feature","geometry":{"type":"MultiLineString","coordinates":[[[68.10741,29.365377],[68.476305,29.201683],[68.694038,29.204262],[68.878639,29.094117],[69.309101,29.015111],[69.728856,29.252132],[69.928321,29.425253],[69.972352,29.515228]]]},"properties":{"role":"crustal","catalog_id":"ME_PK114","catalog_name":"EMME","fs_name":null,"slip_type":"Reverse","net_slip_rate":"(2.0,1.0,3.0)"}},{"type":"Feature","geometry":{"type":"MultiLineString","coordinates":[[[66.960432,29.377403],[67.195604,29.739006],[67.198617,29.818507],[67.140986,29.993267],[67.196106,30.053257],[67.225456,30.137479]]]},"properties":{"role":"crustal","catalog_id":"ME_PK144","catalog_name":"EMME","fs_name":null,"slip_type":"Reverse","net_slip_rate":"(2.0,1.0,3.0)"}},{"type":"Feature","geometry":{"type":"MultiLineString","coordinates":[[[66.248201,29.135248],[66.407528,29.699752],[66.656566,30.249514],[66.788768,30.463865],[66.933143,30.720654]]]},"properties":{"role":"crustal","catalog_id":"ME_PK175","catalog_name":"EMME","fs_name":null,"slip_type":"Sinistral","net_slip_rate":"(3.0,1.0,5.0)"}},{"type":"Feature","geometry":{"type":"MultiLineString","coordinates":[[[66.243929,28.965037],[66.406767,29.274089],[66.565582,29.832199],[66.708231,30.001388]]]},"properties":{"role":"crustal","catalog_id":"ME_PK149","catalog_name":"EMME","fs_name":null,"slip_type":"Sinistral-Reverse","net_slip_rate":"(1.8,1.0,2.5)"}},{"type":"Feature","geometry":{"type":"MultiLineString","coordinates":[[[67.396875,28.110415],[67.359273,28.294106],[67.322399,28.686931],[67.365438,28.810728],[67.450798,28.91735],[67.489503,29.082462],[67.536933,29.250467]]]},"properties":{"role":"crustal","catalog_id":"ME_PK157","catalog_name":"EMME","fs_name":null,"slip_type":"Sinistral-Reverse","net_slip_rate":"(1.5,1.0,2.0)"}},{"type":"Feature","geometry":{"type":"MultiLineString","coordinates":[[[66.088205,25.756605],[66.165829,25.980607],[66.167132,26.124879],[66.094335,26.474507],[66.073929,26.87089],[66.16929,27.949606]]]},"properties":{"role":"crustal","catalog_id":"ME_PK189","catalog_name":"EMME","fs_name":null,"slip_type":"Sinistral-Reverse","net_slip_rate":"(3.0,1.0,5.0)"}},{"type":"Feature","geometry":{"type":"MultiLineString","coordinates":[[[66.745601,24.843144],[67.321435,24.779506],[68.109595,24.421395],[69.132708,24.321508],[69.668811,24.333038],[70.459494,24.394906],[71.468706,24.639046]]]},"properties":{"role":"crustal","catalog_id":"ME_PK170","catalog_name":"EMME","fs_name":null,"slip_type":"Normal","net_slip_rate":"(1.6,0.15,3.0)"}},{"type":"Feature","geometry":{"type":"MultiLineString","coordinates":[[[68.239183,28.381573],[68.258365,28.204929],[68.3289,27.910089],[68.440238,27.690256],[68.586866,27.466385],[68.744884,27.222087],[68.945037,26.968991],[69.275195,26.616596],[69.48188,26.383356],[69.638585,26.187341],[69.838508,25.970661],[70.005886,25.74812]]]},"properties":{"role":"crustal","catalog_id":"ME_PK167","catalog_name":"EMME","fs_name":null,"slip_type":"Normal","net_slip_rate":"(2.0,1.0,3.0)"}},{"type":"Feature","geometry":{"type":"MultiLineString","coordinates":[[[65.927367,26.647619],[65.858847,26.922116],[65.901347,27.816047],[66.077523,28.756071],[66.13694,28.947256],[66.248201,29.135248]]]},"properties":{"role":"crustal","catalog_id":"ME_PK175","catalog_name":"EMME","fs_name":null,"slip_type":"Sinistral","net_slip_rate":"(3.0,1.0,5.0)"}},{"type":"Feature","geometry":{"type":"MultiLineString","coordinates":[[[65.769335,26.898424],[65.690735,26.585839],[65.594833,26.39257],[65.474454,26.229775],[65.332541,26.098203],[65.179296,26.025412],[64.955949,25.971079],[64.790742,25.933953],[64.560512,25.845653],[64.17401,25.776983],[64.073542,25.723829],[63.87745,25.694401],[63.737065,25.645004],[63.610923,25.574235],[63.44249,25.523211],[63.238487,25.520779],[62.925259,25.5594],[62.3374,25.562187],[61.94433,25.458691]]]},"properties":{"role":"crustal","catalog_id":"ME_PK203","catalog_name":"EMME","fs_name":null,"slip_type":"Reverse","net_slip_rate":"(1.5,1.0,2.0)"}},{"type":"Feature","geometry":{"type":"MultiLineString","coordinates":[[[65.670809,27.786014],[65.68007,28.086645],[65.761119,28.428426],[65.902092,29.106738],[66.09649,29.898789],[66.221798,30.265149],[66.5158,30.811395],[66.721529,31.453885]]]},"properties":{"role":"crustal","catalog_id":"ME_PK209","catalog_name":"EMME","fs_name":null,"slip_type":"Sinistral-Reverse","net_slip_rate":"(6.0,4.0,8.0)"}},{"type":"Feature","geometry":{"type":"MultiLineString","coordinates":[[[73.566599,33.201543],[73.424707,33.051807],[73.258497,32.984307],[73.143653,32.890432],[73.038831,32.800125],[72.906304,32.741419],[72.761784,32.744681]]]},"properties":{"role":"crustal","catalog_id":"ME_PK91","catalog_name":"EMME","fs_name":null,"slip_type":"Reverse","net_slip_rate":"(1.5,1.0,2.0)"}},{"type":"Feature","geometry":{"type":"MultiLineString","coordinates":[[[73.55526,34.898878],[73.631736,34.870198],[73.653281,34.774608],[73.641129,34.709025],[73.639881,34.663456],[73.683138,34.642139]]]},"properties":{"role":"crustal","catalog_id":"ME_PK41","catalog_name":"EMME","fs_name":null,"slip_type":"Reverse","net_slip_rate":"(0.5,0.1,0.8)"}},{"type":"Feature","geometry":{"type":"MultiLineString","coordinates":[[[73.751724,34.261188],[73.70504,34.445078],[73.537876,34.563038],[73.499604,34.647809]]]},"properties":{"role":"crustal","catalog_id":"ME_PK56s1s9","catalog_name":"EMME","fs_name":null,"slip_type":"Reverse","net_slip_rate":"(0.6,0.15,1.0)"}},{"type":"Feature","geometry":{"type":"MultiLineString","coordinates":[[[73.49812,34.648526],[73.433002,34.665694],[73.38403,34.649191],[73.344869,34.591456]]]},"properties":{"role":"crustal","catalog_id":"ME_PK56s1s12","catalog_name":"EMME","fs_name":null,"slip_type":"Sinistral-Reverse","net_slip_rate":"(0.6,0.1,1.0)"}},{"type":"Feature","geometry":{"type":"MultiLineString","coordinates":[[[73.990304,35.217481],[73.919207,35.206524],[73.80709,35.184393],[73.58705,35.084802],[73.394047,35.036975],[73.218393,35.054256],[73.061672,35.036326]]]},"properties":{"role":"crustal","catalog_id":"ME_PK24","catalog_name":"EMME","fs_name":null,"slip_type":"Reverse","net_slip_rate":"(0.5,0.15,0.8)"}},{"type":"Feature","geometry":{"type":"MultiLineString","coordinates":[[[65.829105,27.804125],[65.673895,27.227334],[65.346978,26.778743],[64.944424,26.432889],[64.39503,26.163302],[63.980365,26.080794],[63.492191,26.078658],[63.119044,26.101846],[62.718147,26.112907],[62.238967,26.140783]]]},"properties":{"role":"crustal","catalog_id":"ME_PK211","catalog_name":"EMME","fs_name":null,"slip_type":"Sinistral-Reverse","net_slip_rate":"(1.5,1.0,2.0)"}},{"type":"Feature","geometry":{"type":"MultiLineString","coordinates":[[[64.642978,26.659927],[64.50403,26.606403],[63.696016,26.422881],[63.313112,26.388007],[63.047736,26.420768],[62.69279,26.404949],[62.415256,26.43303]]]},"properties":{"role":"crustal","catalog_id":"ME_PK215","catalog_name":"EMME","fs_name":null,"slip_type":"Sinistral-Reverse","net_slip_rate":"(1.5,1.0,2.0)"}},{"type":"Feature","geometry":{"type":"MultiLineString","coordinates":[[[65.525773,27.639019],[65.507131,27.61901],[65.475836,27.586535],[65.429926,27.540239],[65.367223,27.481972],[65.290966,27.412761],[65.224046,27.356246],[65.096219,27.260652],[64.989968,27.199497],[64.876558,27.120565],[64.873733,27.118596],[64.761435,27.081333],[64.559844,26.978219],[64.383452,26.928951],[64.30717,26.912155],[64.185433,26.885256],[64.073079,26.86033],[63.810775,26.812195],[63.698426,26.809925],[63.525161,26.806247],[63.490889,26.806687]]]},"properties":{"role":"crustal","catalog_id":"ME_PK219","catalog_name":"EMME","fs_name":null,"slip_type":"Sinistral-Reverse","net_slip_rate":"(1.5,1.0,2.0)"}},{"type":"Feature","geometry":{"type":"MultiLineString","coordinates":[[[67.429803,25.824346],[67.254744,26.218603],[67.160554,26.569875],[67.144489,26.72824],[67.174259,27.120876],[67.139449,27.316566]]]},"properties":{"role":"crustal","catalog_id":"ME_PK160","catalog_name":"EMME","fs_name":null,"slip_type":"Sinistral-Reverse","net_slip_rate":"(1.5,1.0,2.0)"}},{"type":"Feature","geometry":{"type":"MultiLineString","coordinates":[[[67.183511,27.561715],[67.034448,27.983873],[67.058221,28.082237],[67.020018,28.312333],[67.068482,28.427988],[67.157278,28.485374]]]},"properties":{"role":"crustal","catalog_id":"ME_PK156","catalog_name":"EMME","fs_name":null,"slip_type":"Sinistral-Reverse","net_slip_rate":"(1.5,1.0,2.0)"}},{"type":"Feature","geometry":{"type":"MultiLineString","coordinates":[[[54.036221,39.58234],[54.075567,39.58234],[54.129667,39.572504],[54.169013,39.572504],[54.218195,39.562667],[54.267378,39.557749],[54.591981,39.493812],[54.636245,39.479057],[54.685427,39.474139],[54.798547,39.44463],[54.852647,39.424957],[54.90183,39.415121],[55.147187,39.339604],[55.211678,39.326592],[55.251024,39.306919],[55.349389,39.282328],[55.423162,39.252819],[55.482181,39.233146],[55.542488,39.222843],[55.66145,39.188641],[55.713496,39.160388],[55.767029,39.142544],[55.81164,39.118751],[55.860712,39.100907],[55.985019,39.023962],[56.033152,38.999245],[56.141127,38.952413],[56.463749,38.791102],[56.574325,38.739066],[56.618555,38.710447],[56.671892,38.681827],[56.783769,38.636295],[56.863124,38.595968],[56.896947,38.576454],[57.021833,38.474985]]]},"properties":{"role":"crustal","catalog_id":"ME_IR91s4","catalog_name":"EMME","fs_name":null,"slip_type":"Dextral-Reverse","net_slip_rate":"(3.0,2.0,4.0)"}},{"type":"Feature","geometry":{"type":"MultiLineString","coordinates":[[[54.178885,33.958769],[54.523201,34.139416],[54.750873,34.202658],[55.28672,34.45841],[55.520183,34.538709],[55.799744,34.700795],[56.280053,34.865855],[56.348195,34.920007],[56.997929,35.11786],[57.688427,35.261488]]]},"properties":{"role":"crustal","catalog_id":"ME_IR54s3","catalog_name":"EMME","fs_name":null,"slip_type":"Sinistral","net_slip_rate":"(1.3,0.1,2.5)"}},{"type":"Feature","geometry":{"type":"MultiLineString","coordinates":[[[59.196112,37.56927],[59.155963,37.597523],[59.126222,37.61388],[59.089047,37.640647],[58.981981,37.689719],[58.93737,37.712024],[58.894246,37.731356],[58.863018,37.744739],[58.82733,37.755148],[58.788667,37.768531],[58.715803,37.783401],[58.669705,37.790836],[58.577509,37.811655],[58.540334,37.820577]]]},"properties":{"role":"crustal","catalog_id":"ME_IR91s5","catalog_name":"EMME","fs_name":null,"slip_type":"Dextral-Reverse","net_slip_rate":"(1.5,1.0,2.0)"}},{"type":"Feature","geometry":{"type":"MultiLineString","coordinates":[[[58.266938,37.930543],[58.304058,37.904559],[58.335609,37.884143],[58.361593,37.861871],[58.395001,37.835887],[58.422841,37.817327],[58.452536,37.7932],[58.482232,37.772784],[58.513784,37.750512],[58.541624,37.726384],[58.565752,37.705968],[58.65488,37.656539],[58.885804,37.576784],[59.146281,37.480025]]]},"properties":{"role":"crustal","catalog_id":"ME_IR91s4","catalog_name":"EMME","fs_name":null,"slip_type":"Dextral-Reverse","net_slip_rate":"(1.5,1.0,2.0)"}},{"type":"Feature","geometry":{"type":"MultiLineString","coordinates":[[[56.335073,38.958152],[56.394554,38.932873],[56.442504,38.903079],[56.488237,38.873392],[56.5269,38.855548],[56.561101,38.834729],[56.593816,38.806476],[56.642888,38.781196],[56.686012,38.763352],[56.727648,38.755917],[56.757389,38.735098],[56.785642,38.708332],[56.824305,38.683052],[56.862968,38.665208],[56.938806,38.620597],[56.977469,38.602753],[57.01167,38.590857],[57.044385,38.599779],[57.088996,38.593831],[57.154425,38.53435],[57.199036,38.506096],[57.234724,38.480817],[57.267439,38.467434],[57.301825,38.446507],[57.327809,38.427947],[57.355173,38.413901],[57.385345,38.381547],[57.422464,38.359275],[57.457728,38.329579],[57.49856,38.299884]]]},"properties":{"role":"crustal","catalog_id":"ME_IR91s2","catalog_name":"EMME","fs_name":null,"slip_type":"Dextral-Reverse","net_slip_rate":"(3.0,2.0,4.0)"}},{"type":"Feature","geometry":{"type":"MultiLineString","coordinates":[[[57.590104,38.274964],[57.630657,38.256378],[57.679657,38.232723],[57.723588,38.207378],[57.779347,38.182033],[57.833417,38.154998],[57.880727,38.136412],[57.926348,38.109377],[57.971969,38.078963],[58.026039,38.045169],[58.06828,38.026583],[58.115591,38.018135],[58.174846,37.985684],[58.206833,37.94041],[58.237247,37.906617],[58.269351,37.877893],[58.306523,37.849168],[58.352144,37.801857],[58.389317,37.751167],[58.4248,37.703857]]]},"properties":{"role":"crustal","catalog_id":"ME_IR91s3","catalog_name":"EMME","fs_name":null,"slip_type":"Dextral-Reverse","net_slip_rate":"(2.5,2.0,3.0)"}},{"type":"Feature","geometry":{"type":"MultiLineString","coordinates":[[[58.869483,36.203596],[58.834219,36.225867],[58.789675,36.249995],[58.735134,36.266634],[58.694984,36.280017],[58.656322,36.293401],[58.601302,36.308271],[58.53736,36.330576],[58.473417,36.354369],[58.419885,36.3737],[58.369326,36.397493],[58.324715,36.410876],[58.269695,36.424259],[58.216162,36.449538],[58.177499,36.474818]]]},"properties":{"role":"crustal","catalog_id":"ME_IR104","catalog_name":"EMME","fs_name":null,"slip_type":"Dextral-Reverse","net_slip_rate":"(2.0,1.8,2.2)"}},{"type":"Feature","geometry":{"type":"MultiLineString","coordinates":[[[57.689014,35.26189],[58.332565,35.296838],[59.283619,35.212237],[59.766003,35.071115]]]},"properties":{"role":"crustal","catalog_id":"ME_IR54s1","catalog_name":"EMME","fs_name":null,"slip_type":"Sinistral","net_slip_rate":"(0.6,0.1,1.0)"}},{"type":"Feature","geometry":{"type":"MultiLineString","coordinates":[[[57.54317,27.328375],[57.560159,27.362354],[57.577149,27.406243],[57.598385,27.448716],[57.609711,27.48411],[57.618206,27.536493],[57.6267,27.581798],[57.633779,27.637013],[57.639442,27.699306],[57.651808,27.752273],[57.659263,27.811152],[57.671163,27.868402],[57.678905,27.914853],[57.680809,27.968783],[57.694389,28.06582],[57.70213,28.116143],[57.706001,28.158723],[57.713743,28.212916],[57.71731,28.255703],[57.722973,28.298176],[57.730052,28.342065],[57.734299,28.390201],[57.736969,28.43356],[57.729227,28.483883]]]},"properties":{"role":"crustal","catalog_id":"ME_IR122","catalog_name":"EMME","fs_name":null,"slip_type":"Sinistral","net_slip_rate":"(1.5,1.0,2.0)"}},{"type":"Feature","geometry":{"type":"MultiLineString","coordinates":[[[59.712832,28.827588],[59.712832,29.044086],[59.707465,29.189015],[59.669501,29.31753],[59.698274,29.423516],[59.717107,29.471349],[59.741918,29.534363]]]},"properties":{"role":"crustal","catalog_id":"ME_IR72s2","catalog_name":"EMME","fs_name":null,"slip_type":"Dextral","net_slip_rate":"(0.8,0.5,1.0)"}},{"type":"Feature","geometry":{"type":"MultiLineString","coordinates":[[[60.136795,30.354642],[60.137988,30.318841],[60.106961,30.191153],[60.114121,30.120745],[60.128441,30.063464],[60.132021,30.026471],[60.121281,29.991863],[60.173789,29.857015],[60.198849,29.810474]]]},"properties":{"role":"crustal","catalog_id":"ME_IR56s3","catalog_name":"EMME","fs_name":null,"slip_type":"Dextral","net_slip_rate":"(0.8,0.5,1.0)"}},{"type":"Feature","geometry":{"type":"MultiLineString","coordinates":[[[60.459311,31.062924],[60.350174,31.396057],[60.352035,31.538863],[60.236186,31.699972],[60.246363,31.777032],[60.304522,31.939877],[60.298706,32.053286],[60.248793,32.22526]]]},"properties":{"role":"crustal","catalog_id":"ME_IR56s1","catalog_name":"EMME","fs_name":null,"slip_type":"Dextral","net_slip_rate":"(1.2,1.0,1.5)"}},{"type":"Feature","geometry":{"type":"MultiLineString","coordinates":[[[57.692454,36.21874],[57.586518,36.224489],[57.546278,36.234343],[57.491257,36.242555],[57.437308,36.252643],[57.397638,36.26637],[57.347544,36.276225],[57.305459,36.292425],[57.255575,36.312213],[57.210254,36.324573],[57.162873,36.338993],[57.116779,36.34812],[57.067904,36.353803],[57.030395,36.367443],[56.989828,36.388435],[56.946285,36.404952],[56.90082,36.416318]]]},"properties":{"role":"crustal","catalog_id":"ME_IR121","catalog_name":"EMME","fs_name":null,"slip_type":"Reverse","net_slip_rate":"(1.0,1.0,1.0)"}},{"type":"Feature","geometry":{"type":"MultiLineString","coordinates":[[[59.435836,36.017334],[59.397469,36.014137],[59.355906,36.02586],[59.314342,36.035451],[59.284502,36.054635],[59.248267,36.063161],[59.216295,36.079147],[59.181126,36.097264],[59.147022,36.123907],[59.121445,36.14309],[59.089473,36.171865],[59.060698,36.187851],[59.024463,36.20064],[58.998886,36.22302],[58.963716,36.262452],[58.924284,36.289096],[58.874195,36.322134],[58.824106,36.342382],[58.783608,36.362631],[58.77295,36.386077],[58.776148,36.428707],[58.749504,36.450021],[58.705809,36.467073],[58.67064,36.486256],[58.638183,36.531209],[58.612025,36.572581],[58.557673,36.594961],[58.532095,36.625867],[58.528898,36.669562],[58.522503,36.719652],[58.519306,36.755886],[58.517175,36.79745]]]},"properties":{"role":"crustal","catalog_id":"ME_IR37","catalog_name":"EMME","fs_name":null,"slip_type":"Dextral-Reverse","net_slip_rate":"(2.0,1.8,2.2)"}},{"type":"Feature","geometry":{"type":"MultiLineString","coordinates":[[[57.778481,28.047874],[57.788391,28.013191],[57.795823,27.980985],[57.810687,27.941346],[57.813165,27.916572],[57.820597,27.88932],[57.820597,27.849682],[57.81812,27.812521],[57.80827,27.724236],[57.7983,27.62176],[57.7983,27.500367],[57.805782,27.455031],[57.816411,27.424357],[57.839078,27.383681],[57.866033,27.348799],[57.891042,27.321231],[57.926322,27.292736],[57.961601,27.279167],[57.996881,27.266955],[58.026734,27.250671],[58.06337,27.226247],[58.086438,27.209964],[58.120361,27.186896],[58.148856,27.155687],[58.174638,27.125835],[58.20449,27.094626],[58.249268,27.072915],[58.295403,27.051204],[58.330683,27.033564],[58.370034,27.019995],[58.414812,27.007783],[58.459025,26.998395]]]},"properties":{"role":"crustal","catalog_id":"ME_IR69s1","catalog_name":"EMME","fs_name":null,"slip_type":"Sinistral-Reverse","net_slip_rate":"(1.8,1.0,2.5)"}},{"type":"Feature","geometry":{"type":"MultiLineString","coordinates":[[[57.322088,30.484278],[57.319464,30.303242],[57.376705,30.166749],[57.440007,30.032059],[57.543383,29.956981],[57.760197,29.749777],[57.823596,29.537791],[57.908612,29.370468]]]},"properties":{"role":"crustal","catalog_id":"ME_IR20s5","catalog_name":"EMME","fs_name":null,"slip_type":"Dextral","net_slip_rate":"(1.5,0.6,2.4)"}},{"type":"Feature","geometry":{"type":"MultiLineString","coordinates":[[[58.784786,28.275161],[58.135868,28.788554],[57.934957,29.010874],[57.886088,29.224882],[57.765901,29.306634]]]},"properties":{"role":"crustal","catalog_id":"ME_IR20s6","catalog_name":"EMME","fs_name":null,"slip_type":"Dextral","net_slip_rate":"(1.5,0.6,2.4)"}},{"type":"Feature","geometry":{"type":"MultiLineString","coordinates":[[[57.499028,32.991114],[57.576369,32.403455],[57.464941,31.913481],[57.538127,31.625913],[57.575349,31.200795],[57.54141,30.864247],[57.593177,30.414566]]]},"properties":{"role":"crustal","catalog_id":"ME_IR103","catalog_name":"EMME","fs_name":null,"slip_type":"Dextral","net_slip_rate":"(1.3,0.75,1.9)"}},{"type":"Feature","geometry":{"type":"MultiLineString","coordinates":[[[57.430637,26.526245],[57.430965,26.495412],[57.445454,26.452602],[57.454675,26.418355],[57.455333,26.388059],[57.459285,26.355128],[57.43902,26.237732],[57.421305,26.193673],[57.415161,26.168989],[57.410154,26.120477],[57.416216,26.088432],[57.419712,26.051638],[57.434757,26.012521],[57.50178,25.935457],[57.574421,25.903025]]]},"properties":{"role":"crustal","catalog_id":"ME_IR98s3","catalog_name":"EMME","fs_name":null,"slip_type":"Sinistral","net_slip_rate":"(0.6,0.1,1.0)"}},{"type":"Feature","geometry":{"type":"MultiLineString","coordinates":[[[56.953179,27.668983],[57.022788,27.55805],[57.040709,27.518224],[57.119391,27.404531],[57.22666,27.254303]]]},"properties":{"role":"crustal","catalog_id":"ME_IR98s4","catalog_name":"EMME","fs_name":null,"slip_type":"Sinistral-Reverse","net_slip_rate":"(0.6,0.1,1.0)"}},{"type":"Feature","geometry":{"type":"MultiLineString","coordinates":[[[57.232673,26.993227],[57.224729,27.032599],[57.177272,27.14583],[57.148682,27.193982],[57.114675,27.234181],[57.091458,27.277145],[57.034558,27.368565],[56.885485,27.531028]]]},"properties":{"role":"crustal","catalog_id":"ME_IR98s1","catalog_name":"EMME","fs_name":null,"slip_type":"Reverse","net_slip_rate":"(0.8,0.5,1.0)"}},{"type":"Feature","geometry":{"type":"MultiLineString","coordinates":[[[60.505316,30.977723],[60.612381,30.79716],[60.707123,30.704003],[60.715363,30.648381],[60.697713,30.563145],[60.688583,30.450615],[60.698883,30.366153],[60.692703,30.316712],[60.702023,30.166846],[60.8112,29.965961],[60.869098,29.78595],[60.931294,29.592576],[60.979332,29.374223],[60.992433,29.241027],[61.047022,29.164604],[61.103794,29.103465],[61.149648,29.094731],[61.195502,29.075079],[61.24354,29.040142]]]},"properties":{"role":"crustal","catalog_id":"ME_IR142","catalog_name":"EMME","fs_name":null,"slip_type":"Dextral","net_slip_rate":"(1.2,1.0,1.5)"}},{"type":"Feature","geometry":{"type":"MultiLineString","coordinates":[[[59.90521,29.917226],[59.942671,30.076438],[59.946685,30.198188],[59.938658,30.385496],[59.964078,30.578156],[59.976119,30.822994],[59.997526,30.946082],[60.021608,31.026357],[60.014919,31.067833],[60.022946,31.10797],[60.02027,31.38358],[59.998268,31.488255],[59.995751,31.61791],[59.989633,31.670521],[59.948132,31.716045]]]},"properties":{"role":"crustal","catalog_id":"ME_IR141","catalog_name":"EMME","fs_name":null,"slip_type":"Dextral","net_slip_rate":"(1.2,1.0,1.5)"}},{"type":"Feature","geometry":{"type":"MultiLineString","coordinates":[[[58.566239,34.04645],[58.854528,34.0399],[59.028886,34.053613],[59.175816,34.047736],[59.296459,34.020609],[59.40483,34.024623],[59.505173,34.03934],[59.640303,34.04603],[59.79618,34.072583],[59.837982,34.084959],[59.976162,34.130947],[60.150501,34.200205],[60.191101,34.213738],[60.274856,34.233848],[60.319914,34.255398]]]},"properties":{"role":"crustal","catalog_id":"ME_IR12s1","catalog_name":"EMME","fs_name":null,"slip_type":"Sinistral","net_slip_rate":"(2.9,0.75,5.0)"}},{"type":"Feature","geometry":{"type":"MultiLineString","coordinates":[[[58.438747,37.097286],[58.410543,37.137576],[58.376297,37.179881],[58.315862,37.256432],[58.293702,37.292693],[58.275571,37.32694],[58.249383,37.369245],[58.231252,37.415578],[58.209093,37.447811],[58.192977,37.482057],[58.190851,37.514435],[58.177842,37.556714],[58.168085,37.597368],[58.137189,37.642899],[58.10304,37.691682],[58.068892,37.729083],[58.034512,37.76136],[57.989212,37.781119],[57.950185,37.807137],[57.908104,37.820857],[57.861442,37.863574],[57.811501,37.93197],[57.789199,37.971375],[57.761555,38.003898],[57.72578,38.03642],[57.695281,38.0432],[57.661529,38.068944],[57.616458,38.134715],[57.524361,38.229688]]]},"properties":{"role":"crustal","catalog_id":"ME_IR113s1","catalog_name":"EMME","fs_name":null,"slip_type":"Dextral","net_slip_rate":"(2.8,2.0,3.5)"}},{"type":"Feature","geometry":{"type":"MultiLineString","coordinates":[[[58.055942,37.52342],[57.973863,37.62519],[57.880728,37.689552],[57.844467,37.733871],[57.745756,37.832582],[57.695393,37.854741],[57.649059,37.860785],[57.514586,37.897388],[57.428846,37.937141]]]},"properties":{"role":"crustal","catalog_id":"ME_IR6","catalog_name":"EMME","fs_name":null,"slip_type":"Dextral","net_slip_rate":"(2.0,1.5,2.5)"}},{"type":"Feature","geometry":{"type":"MultiLineString","coordinates":[[[56.38803,36.548809],[56.434429,36.563657],[56.488934,36.56962],[56.531558,36.576724],[56.578444,36.588091],[56.631013,36.599457],[56.675057,36.613665],[56.719315,36.629347],[56.757912,36.638381],[56.789119,36.640023],[56.857279,36.646593],[56.894234,36.643308],[56.935295,36.638381],[56.982925,36.627705],[57.019065,36.615624],[57.061974,36.605732],[57.108396,36.595194],[57.156703,36.585249],[57.20643,36.575304],[57.266103,36.562516],[57.325776,36.548309],[57.36977,36.531764],[57.424739,36.511092],[57.470727,36.499595],[57.515893,36.489741],[57.571757,36.475415],[57.62183,36.462641],[57.668639,36.451965],[57.712985,36.433898],[57.762258,36.430613],[57.82467,36.424044],[57.874764,36.420759]]]},"properties":{"role":"crustal","catalog_id":"ME_IR70","catalog_name":"EMME","fs_name":null,"slip_type":"Reverse","net_slip_rate":"(0.8,0.5,1.0)"}},{"type":"Feature","geometry":{"type":"MultiLineString","coordinates":[[[56.96607,33.399236],[56.99877,33.329164],[57.105372,33.248536],[57.209663,33.207144],[57.227891,33.177794],[57.240428,33.154181],[57.251033,33.139856],[57.275456,33.137862],[57.288415,33.118921],[57.289911,33.097489],[57.306857,33.091009],[57.332278,33.090012]]]},"properties":{"role":"crustal","catalog_id":"ME_IR14s2","catalog_name":"EMME","fs_name":null,"slip_type":"Reverse","net_slip_rate":"(0.9,0.75,1.0)"}},{"type":"Feature","geometry":{"type":"MultiLineString","coordinates":[[[56.801245,33.859062],[56.853221,33.807087],[56.97246,33.741352],[57.033608,33.669503],[57.053481,33.475358],[57.088641,33.377521]]]},"properties":{"role":"crustal","catalog_id":"ME_IR14s1","catalog_name":"EMME","fs_name":null,"slip_type":"Reverse","net_slip_rate":"(0.9,0.75,1.0)"}},{"type":"Feature","geometry":{"type":"MultiLineString","coordinates":[[[58.258554,34.169367],[58.481957,33.947419],[58.55401,33.894837],[58.674649,33.76863],[58.802145,33.678898],[58.844351,33.666527],[58.927309,33.609039],[58.991346,33.561011],[59.023365,33.531175]]]},"properties":{"role":"crustal","catalog_id":"ME_IR61","catalog_name":"EMME","fs_name":null,"slip_type":"Reverse","net_slip_rate":"(1.4,0.75,2.0)"}},{"type":"Feature","geometry":{"type":"MultiLineString","coordinates":[[[56.923074,31.70876],[57.098861,31.643635],[57.149593,31.378476],[57.160654,31.027769],[57.352302,30.582246]]]},"properties":{"role":"crustal","catalog_id":"ME_IR5","catalog_name":"EMME","fs_name":null,"slip_type":"Dextral-Reverse","net_slip_rate":"(0.6,0.1,1.0)"}},{"type":"Feature","geometry":{"type":"MultiLineString","coordinates":[[[59.890994,29.834234],[59.850402,29.736665],[59.847708,29.589217],[59.906618,29.471106],[59.945979,29.316211],[59.963293,29.144508],[60.045575,29.009332],[60.169103,28.900894],[60.212203,28.738291],[60.231793,28.530629],[60.288607,28.415044]]]},"properties":{"role":"crustal","catalog_id":"ME_IR3","catalog_name":"EMME","fs_name":null,"slip_type":"Dextral","net_slip_rate":"(1.2,1.0,1.5)"}},{"type":"Feature","geometry":{"type":"MultiLineString","coordinates":[[[56.010054,32.523086],[55.952668,32.726659],[56.23529,33.425038],[56.709731,34.163533],[57.398773,34.784715],[57.945619,34.965093]]]},"properties":{"role":"crustal","catalog_id":"ME_IR102","catalog_name":"EMME","fs_name":null,"slip_type":"Dextral","net_slip_rate":"(1.8,0.5,3.0)"}},{"type":"Feature","geometry":{"type":"MultiLineString","coordinates":[[[61.274487,27.115957],[61.33113,27.10281],[61.392399,27.068272],[61.43154,26.98175],[61.472741,26.950849],[61.509871,26.897386],[61.645335,26.890697],[61.686987,26.870507],[61.71892,26.835508],[61.769389,26.806645],[61.849367,26.721785],[61.896194,26.716768],[61.998056,26.724243],[62.045037,26.715095],[62.130329,26.711751],[62.18719,26.716768],[62.297568,26.713423],[62.34105,26.71844],[62.384532,26.711751],[62.434704,26.713423],[62.66215,26.755233],[62.707304,26.755233],[62.817682,26.765267],[63.028872,26.761441],[63.087827,26.769564],[63.198412,26.762297]]]},"properties":{"role":"crustal","catalog_id":"ME_IR33","catalog_name":"EMME","fs_name":null,"slip_type":"Reverse","net_slip_rate":"(1.0,1.0,1.0)"}},{"type":"Feature","geometry":{"type":"MultiLineString","coordinates":[[[60.10936,26.449433],[60.142832,26.408174],[60.17511,26.380992],[60.21928,26.358907],[60.24816,26.338521],[60.285535,26.32493],[60.325461,26.314094],[60.364839,26.299875],[60.406403,26.29003],[60.445227,26.275664],[60.489397,26.275664],[60.535265,26.265471],[60.579435,26.263772],[60.61681,26.263772],[60.662679,26.272266],[60.70515,26.275664],[60.747621,26.262073],[60.795189,26.25188],[60.835961,26.243386],[60.873336,26.245085],[60.914108,26.23659],[60.951483,26.234892],[60.992255,26.239988],[61.02963,26.23659],[61.073799,26.231494],[61.107776,26.239988],[61.145151,26.241687],[61.192719,26.241687],[61.233491,26.241687],[61.274263,26.234891],[61.311638,26.241687],[61.35241,26.255278],[61.388086,26.25188],[61.439051,26.250181],[61.486619,26.243386],[61.52909,26.246783],[61.571561,26.239988],[61.607237,26.246783],[61.653106,26.239988],[61.698975,26.238289],[61.741446,26.23659],[61.782218,26.233193],[61.814496,26.233193],[61.851871,26.23659],[61.894342,26.239988]]]},"properties":{"role":"crustal","catalog_id":"ME_IR64","catalog_name":"EMME","fs_name":null,"slip_type":"Reverse","net_slip_rate":"(1.0,1.0,1.0)"}},{"type":"Feature","geometry":{"type":"MultiLineString","coordinates":[[[59.986723,32.619531],[59.977659,32.76607],[59.85491,32.916015],[59.759586,32.966338],[59.663898,32.996293],[59.557335,33.110605]]]},"properties":{"role":"crustal","catalog_id":"ME_IRCS001","catalog_name":"EMME","fs_name":null,"slip_type":"Reverse","net_slip_rate":"(0.9,0.75,1.0)"}},{"type":"Feature","geometry":{"type":"MultiLineString","coordinates":[[[58.865507,33.280542],[58.852994,33.323769],[58.856407,33.365858],[58.884517,33.44676],[58.886639,33.504662]]]},"properties":{"role":"crustal","catalog_id":"ME_IRCS002","catalog_name":"EMME","fs_name":null,"slip_type":"Dextral-Reverse","net_slip_rate":"(0.9,0.75,1.0)"}},{"type":"Feature","geometry":{"type":"MultiLineString","coordinates":[[[58.86437,33.277129],[58.88257,33.243003],[58.907597,33.217977],[59.047515,33.090571],[59.223549,32.98558],[59.284125,32.973404]]]},"properties":{"role":"crustal","catalog_id":"ME_IRCS003","catalog_name":"EMME","fs_name":null,"slip_type":"Dextral-Reverse","net_slip_rate":"(0.9,0.75,1.0)"}},{"type":"Feature","geometry":{"type":"MultiLineString","coordinates":[[[58.716094,33.461414],[58.712967,33.556782],[58.700577,33.649771]]]},"properties":{"role":"crustal","catalog_id":"ME_IRCS004","catalog_name":"EMME","fs_name":null,"slip_type":"Dextral-Reverse","net_slip_rate":"(0.9,0.75,1.0)"}},{"type":"Feature","geometry":{"type":"MultiLineString","coordinates":[[[59.820921,33.870763],[59.85212,33.828724],[59.941333,33.7062],[59.988802,33.564909],[60.101388,33.383875],[60.1522,33.328519],[60.187432,33.271699],[60.219167,33.191146],[60.244058,33.150649],[60.285009,32.933898],[60.474691,32.621889]]]},"properties":{"role":"crustal","catalog_id":"ME_IRCS005","catalog_name":"EMME","fs_name":null,"slip_type":"Dextral","net_slip_rate":"(1.4,0.75,2.0)"}},{"type":"Feature","geometry":{"type":"MultiLineString","coordinates":[[[58.067459,35.801195],[58.397579,35.740227],[58.464495,35.700077],[58.608737,35.680746],[58.729879,35.624584],[58.799906,35.615428],[58.904655,35.561784],[59.202061,35.512712]]]},"properties":{"role":"crustal","catalog_id":"ME_IRCS011","catalog_name":"EMME","fs_name":null,"slip_type":"Reverse","net_slip_rate":"(0.6,0.1,1.0)"}},{"type":"Feature","geometry":{"type":"MultiLineString","coordinates":[[[60.515988,28.079327],[60.596331,27.996924],[60.702997,27.904192],[60.798216,27.755898],[60.873963,27.649041],[61.019528,27.474104],[61.147252,27.259858],[61.270752,27.177524]]]},"properties":{"role":"crustal","catalog_id":"ME_IRCS012","catalog_name":"EMME","fs_name":null,"slip_type":"Dextral","net_slip_rate":"(1.0,1.0,1.0)"}},{"type":"Feature","geometry":{"type":"MultiLineString","coordinates":[[[57.695278,35.332257],[57.778907,35.381225],[58.09382,35.485548],[58.296358,35.531323],[58.412653,35.508968],[58.523034,35.51008]]]},"properties":{"role":"crustal","catalog_id":"ME_IRCS014","catalog_name":"EMME","fs_name":null,"slip_type":"Sinistral-Reverse","net_slip_rate":"(1.0,1.0,1.0)"}},{"type":"Feature","geometry":{"type":"MultiLineString","coordinates":[[[61.019279,27.869093],[61.167839,27.75302],[61.31488,27.566932],[61.476005,27.376989],[61.573946,27.217205],[61.63703,27.187164]]]},"properties":{"role":"crustal","catalog_id":"ME_IRCS015","catalog_name":"EMME","fs_name":null,"slip_type":"Dextral-Reverse","net_slip_rate":"(0.8,0.69,1.0)"}},{"type":"Feature","geometry":{"type":"MultiLineString","coordinates":[[[56.937233,30.574637],[57.036547,30.457313],[57.183227,30.392588]]]},"properties":{"role":"crustal","catalog_id":"ME_IRCS018","catalog_name":"EMME","fs_name":null,"slip_type":"Dextral","net_slip_rate":"(0.6,0.1,1.0)"}},{"type":"Feature","geometry":{"type":"MultiLineString","coordinates":[[[58.541201,35.132948],[58.602201,35.123995],[58.690245,35.129382],[58.794438,35.109646],[58.97113,35.118143],[59.110195,35.131792]]]},"properties":{"role":"crustal","catalog_id":"ME_IRCS023","catalog_name":"EMME","fs_name":null,"slip_type":"Sinistral-Reverse","net_slip_rate":"(0.8,0.66,1.0)"}},{"type":"Feature","geometry":{"type":"MultiLineString","coordinates":[[[57.167092,34.23512],[57.167364,34.009666],[57.225618,33.854239],[57.30739,33.69049],[57.356434,33.592042],[57.37512,33.497445],[57.432544,33.32653],[57.474388,33.159934],[57.452198,33.086359]]]},"properties":{"role":"crustal","catalog_id":"ME_IRCS025","catalog_name":"EMME","fs_name":null,"slip_type":"Dextral","net_slip_rate":"(1.5,0.5,2.5)"}},{"type":"Feature","geometry":{"type":"MultiLineString","coordinates":[[[56.85486,37.251537],[56.912605,37.206595],[57.021466,37.157407],[57.137767,37.16992],[57.294651,37.155656],[57.319066,37.153436],[57.44935,37.114657],[57.576012,37.036048],[57.734604,36.938074],[57.842329,36.919542],[57.934567,36.878349]]]},"properties":{"role":"crustal","catalog_id":"ME_IRCS026","catalog_name":"EMME","fs_name":null,"slip_type":"Dextral-Reverse","net_slip_rate":"(1.5,1.0,2.0)"}},{"type":"Feature","geometry":{"type":"MultiLineString","coordinates":[[[59.034355,35.093988],[59.152879,34.917772],[59.246509,34.856846],[59.456363,34.772955],[59.693016,34.621815],[59.802771,34.527392]]]},"properties":{"role":"crustal","catalog_id":"ME_IRCS028","catalog_name":"EMME","fs_name":null,"slip_type":"Reverse","net_slip_rate":"(0.6,0.1,1.0)"}},{"type":"Feature","geometry":{"type":"MultiLineString","coordinates":[[[58.561606,37.062374],[58.772357,36.946952],[59.198917,36.728557],[59.278281,36.641199],[59.629221,36.426926],[59.883033,36.252888],[60.055133,36.052911],[60.244403,35.918643],[60.567167,35.75288]]]},"properties":{"role":"crustal","catalog_id":"ME_IRCS029","catalog_name":"EMME","fs_name":null,"slip_type":"Dextral-Reverse","net_slip_rate":"(1.1,1.0,1.1)"}},{"type":"Feature","geometry":{"type":"MultiLineString","coordinates":[[[57.881952,35.091653],[58.09722,35.14798],[58.23289,35.191024],[58.396968,35.188082],[58.447913,35.194837],[58.509873,35.181327],[58.697129,35.218478],[58.742274,35.208904],[58.776989,35.200466],[58.833441,35.198214],[58.866487,35.180201],[58.994574,35.159934],[59.118607,35.167336]]]},"properties":{"role":"crustal","catalog_id":"ME_IRCS030","catalog_name":"EMME","fs_name":null,"slip_type":"Dextral","net_slip_rate":"(0.3,0.1,0.5)"}},{"type":"Feature","geometry":{"type":"MultiLineString","coordinates":[[[60.276436,28.233366],[60.298031,28.138194],[60.377666,27.88276],[60.362936,27.660151],[60.40875,27.491761],[60.370745,27.434989],[60.347057,27.321847]]]},"properties":{"role":"crustal","catalog_id":"ME_IRCS031","catalog_name":"EMME","fs_name":null,"slip_type":"Dextral-Reverse","net_slip_rate":"(1.0,1.0,1.0)"}},{"type":"Feature","geometry":{"type":"MultiLineString","coordinates":[[[61.850595,27.03025],[62.114123,27.020848],[62.466479,26.948344],[62.712481,26.952464],[62.985714,26.934096],[63.424124,27.009394],[63.735503,27.031231]]]},"properties":{"role":"crustal","catalog_id":"ME_IRCS032","catalog_name":"EMME","fs_name":null,"slip_type":"Reverse","net_slip_rate":"(1.0,1.0,1.0)"}},{"type":"Feature","geometry":{"type":"MultiLineString","coordinates":[[[59.510322,34.86938],[59.649433,34.776122],[59.78609,34.727222],[59.886661,34.610247],[59.903622,34.540637],[60.007421,34.459287]]]},"properties":{"role":"crustal","catalog_id":"ME_IRCS033","catalog_name":"EMME","fs_name":null,"slip_type":"Reverse","net_slip_rate":"(1.0,1.0,1.0)"}},{"type":"Feature","geometry":{"type":"MultiLineString","coordinates":[[[58.606794,26.535828],[58.856041,26.390144],[59.279289,26.284188],[59.79951,26.209499],[60.183164,26.128934]]]},"properties":{"role":"crustal","catalog_id":"ME_IRCS34s4","catalog_name":"EMME","fs_name":null,"slip_type":"Reverse","net_slip_rate":"(1.0,1.0,1.0)"}},{"type":"Feature","geometry":{"type":"MultiLineString","coordinates":[[[56.528478,29.473044],[56.780663,29.486211],[57.032861,29.499378]]]},"properties":{"role":"crustal","catalog_id":"ME_IRCS038","catalog_name":"EMME","fs_name":null,"slip_type":"Reverse","net_slip_rate":"(0.6,0.1,1.0)"}},{"type":"Feature","geometry":{"type":"MultiLineString","coordinates":[[[59.752278,26.478709],[59.923981,26.51079],[60.074163,26.578249],[60.195194,26.650753],[60.315352,26.694918],[60.397659,26.746244]]]},"properties":{"role":"crustal","catalog_id":"ME_IRCS040","catalog_name":"EMME","fs_name":null,"slip_type":"Sinistral-Reverse","net_slip_rate":"(0.9,0.7301,1.0)"}},{"type":"Feature","geometry":{"type":"MultiLineString","coordinates":[[[60.345559,26.832417],[60.490922,26.908085],[60.610399,26.933972],[60.747655,26.999449],[60.945575,27.041557],[61.091556,27.106325],[61.19248,27.115169]]]},"properties":{"role":"crustal","catalog_id":"ME_IRCS041","catalog_name":"EMME","fs_name":null,"slip_type":"Sinistral-Reverse","net_slip_rate":"(0.8,0.66,1.0)"}},{"type":"Feature","geometry":{"type":"MultiLineString","coordinates":[[[57.946291,35.027922],[58.030715,35.052986],[58.147751,35.059741],[58.285772,35.072966],[58.435521,35.085634],[58.497481,35.105899]]]},"properties":{"role":"crustal","catalog_id":"ME_IRCS042","catalog_name":"EMME","fs_name":null,"slip_type":"Sinistral-Reverse","net_slip_rate":"(0.6,0.1,1.0)"}},{"type":"Feature","geometry":{"type":"MultiLineString","coordinates":[[[57.757308,36.795319],[58.001868,36.677892],[58.129851,36.570098],[58.245455,36.542939],[58.371169,36.469204]]]},"properties":{"role":"crustal","catalog_id":"ME_IRCS047","catalog_name":"EMME","fs_name":null,"slip_type":"Reverse","net_slip_rate":"(1.5,1.0,2.0)"}},{"type":"Feature","geometry":{"type":"MultiLineString","coordinates":[[[61.651966,26.96733],[61.842856,26.924882],[61.943857,26.878148],[62.077874,26.825778],[62.143908,26.817025],[62.248885,26.817971],[62.571365,26.813734],[62.872634,26.807307],[62.97916,26.81035],[63.2958,26.839507],[63.431866,26.894045],[63.57342,26.925331]]]},"properties":{"role":"crustal","catalog_id":"ME_IRCS048","catalog_name":"EMME","fs_name":null,"slip_type":"Reverse","net_slip_rate":"(1.0,1.0,1.0)"}},{"type":"Feature","geometry":{"type":"MultiLineString","coordinates":[[[58.81522,26.858952],[59.076116,26.815109],[59.17449,26.843078],[59.413641,26.933972],[59.576439,26.902818],[59.736228,26.824451],[60.142165,26.76396]]]},"properties":{"role":"crustal","catalog_id":"ME_IRCS049","catalog_name":"EMME","fs_name":null,"slip_type":"Sinistral-Reverse","net_slip_rate":"(1.0,1.0,1.0)"}},{"type":"Feature","geometry":{"type":"MultiLineString","coordinates":[[[61.527804,28.842967],[61.588567,28.741382],[61.599096,28.710591],[61.590286,28.665097],[61.520061,28.421348],[61.534719,28.279848],[61.569613,28.146689],[61.665885,28.007944],[61.920723,27.833804],[62.120347,27.621439],[62.363859,27.438805],[62.653023,27.222375],[62.879959,27.187863],[63.008732,27.189273],[63.353656,27.287829],[63.579735,27.371377]]]},"properties":{"role":"crustal","catalog_id":"ME_IRCS052","catalog_name":"EMME","fs_name":null,"slip_type":"Dextral-Reverse","net_slip_rate":"(1.9,1.5,2.21)"}},{"type":"Feature","geometry":{"type":"MultiLineString","coordinates":[[[59.469617,35.842559],[59.628971,35.762229],[59.725637,35.649708],[60.026481,35.463504],[60.348366,35.296071],[60.575784,35.055621]]]},"properties":{"role":"crustal","catalog_id":"ME_IRCS057","catalog_name":"EMME","fs_name":null,"slip_type":"Dextral-Reverse","net_slip_rate":"(0.8,0.61,1.0)"}},{"type":"Feature","geometry":{"type":"MultiLineString","coordinates":[[[57.034264,38.181794],[57.224444,38.044493]]]},"properties":{"role":"crustal","catalog_id":"ME_IRCS061","catalog_name":"EMME","fs_name":null,"slip_type":"Dextral","net_slip_rate":"(1.0,1.0,1.0)"}},{"type":"Feature","geometry":{"type":"MultiLineString","coordinates":[[[59.276277,26.079614],[59.625277,26.006136],[60.17,25.930096],[60.349584,25.876927],[60.56516,25.78503],[60.832939,25.672289]]]},"properties":{"role":"crustal","catalog_id":"ME_IRCS034","catalog_name":"EMME","fs_name":null,"slip_type":"Reverse","net_slip_rate":"(1.0,1.0,1.0)"}},{"type":"Feature","geometry":{"type":"MultiLineString","coordinates":[[[57.243386,26.903818],[57.240567,26.818292],[57.309033,26.570926],[57.282754,26.412116],[57.278295,26.251555],[57.2878,26.0729],[57.3081,25.8519]]]},"properties":{"role":"crustal","catalog_id":"ME_IR98s5","catalog_name":"EMME","fs_name":null,"slip_type":"Sinistral-Reverse","net_slip_rate":"(0.8,0.5,1.0)"}},{"type":"Feature","geometry":{"type":"MultiLineString","coordinates":[[[63.881847,25.941702],[63.533057,25.902713],[63.216231,25.891623],[61.894841,25.96195],[60.987068,26.054865],[60.684066,26.060908]]]},"properties":{"role":"crustal","catalog_id":"ME_IRCS34s1","catalog_name":"EMME","fs_name":null,"slip_type":"Reverse","net_slip_rate":"(1.0,1.0,1.0)"}},{"type":"Feature","geometry":{"type":"MultiLineString","coordinates":[[[57.759423,26.315224],[57.873786,26.251657],[58.047159,26.128539],[58.430963,26.109749],[58.61597,26.082763],[58.942573,26.115039]]]},"properties":{"role":"crustal","catalog_id":"ME_IRCS34s2","catalog_name":"EMME","fs_name":null,"slip_type":"Reverse","net_slip_rate":"(1.0,1.0,1.0)"}},{"type":"Feature","geometry":{"type":"MultiLineString","coordinates":[[[60.851384,26.563156],[61.083576,26.497685],[61.577744,26.423136],[61.815429,26.449405],[62.073711,26.486061],[62.389648,26.477244]]]},"properties":{"role":"crustal","catalog_id":"ME_IRCS34s3","catalog_name":"EMME","fs_name":null,"slip_type":"Reverse","net_slip_rate":"(1.0,1.0,1.0)"}},{"type":"Feature","geometry":{"type":"MultiLineString","coordinates":[[[58.382153,29.196622],[58.177581,29.326994],[57.96271,29.588302],[57.92761,29.685099],[57.863712,29.855511],[57.738857,30.089716],[57.62836,30.231171],[57.571567,30.283878]]]},"properties":{"role":"crustal","catalog_id":"ME_IR20s7","catalog_name":"EMME","fs_name":null,"slip_type":"Dextral","net_slip_rate":"(1.7,1.0,2.4)"}},{"type":"Feature","geometry":{"type":"MultiLineString","coordinates":[[[78.34733467608011,34.27814555117611],[78.58528302280975,34.28475522747416],[78.80340234064525,34.28475522747416],[79.01491198218271,34.311193932666335],[79.1735442133358,34.37068101934875],[79.44454094155567,34.37729069564679],[79.71553766977554,34.4499971349253],[79.927047311313,34.50287454530966],[80.11872792395633,34.582190660886205],[80.27075047881137,34.64828742386666]]]},"properties":{"role":"crustal","catalog_id":"GAF_9","catalog_name":"HimaTibetMap","fs_name":"Longmu Co- Gozha Co Fault","slip_type":"Sinistral","net_slip_rate":null}},{"type":"Feature","geometry":{"type":"MultiLineString","coordinates":[[[80.89880484748505,35.005688807653584],[80.77320402313525,35.07065475128279],[80.51767131152702,35.135620694912],[80.3227734806394,35.20491770144982],[80.11488246102594,35.27854577089626],[79.89399825268663,35.36516702906854],[79.74241105088514,35.4474572243322],[79.61681022653534,35.51675423087002]]]},"properties":{"role":"crustal","catalog_id":"GAF_154","catalog_name":"HimaTibetMap","fs_name":null,"slip_type":"Dextral","net_slip_rate":null}},{"type":"Feature","geometry":{"type":"MultiLineString","coordinates":[[[82.33462212788116,30.606290005439824],[82.20848290247531,30.674843932290834],[82.0850858341435,30.726944916697597],[81.9973368077742,30.75710864451204],[81.8876505248126,30.75710864451204],[81.66553580181534,30.806467471844766],[81.55310736177968,30.84759982795537],[81.45164755004019,30.875021398695775],[81.27889165437564,30.979223367509306],[81.15001027189575,31.03406650899011],[81.06500340260051,31.09713612169304],[80.98822300452738,31.149237106099804],[80.88127887863982,31.19311161928445],[80.75513965323395,31.250696917839296],[80.61803179953195,31.360383200800907],[80.52754061608861,31.420710656429794],[80.43979158971932,31.47006948376252],[80.38494844823852,31.513943996947166],[80.33833177797983,31.574271452576053],[80.29994157894328,31.64008322235302],[80.27800432235095,31.711379306278065],[80.20122392427783,31.851229317054123],[80.1107327408345,31.95268912879361],[80.009272929095,32.0404381551629],[79.92152390272571,32.1693195376428],[79.88587586076318,32.248842092789964],[79.7103778080246,32.43530877382471],[79.55955916895239,32.61354898363733],[79.4580993572129,32.704040167080656],[79.27163267617816,32.90695979055964],[79.01935422536644,33.164722555519425],[78.90144147118271,33.30183040922144],[78.78627087407301,33.41974316340517],[78.6628738057412,33.597983373217794],[78.59980419303827,33.72960691277173],[78.41059535492948,33.970916735287275]]]},"properties":{"role":"crustal","catalog_id":"GAF_174","catalog_name":"HimaTibetMap","fs_name":"Karakoram Fault","slip_type":"Dextral","net_slip_rate":"(6,1,11)"}},{"type":"Feature","geometry":{"type":"MultiLineString","coordinates":[[[75.39029143424231,37.30525655448298],[75.43715447017563,37.1244991301688],[75.69155380809929,36.83662619514992],[76.17357360627044,36.354606396978774],[76.66898284327966,35.8993654764838],[76.80957195107959,35.77886052694101],[76.97024521713664,35.53785062785544],[77.15769736086986,35.34370376470317],[77.29159174925074,35.089304426779506],[77.67988547555527,34.5671163120941]]]},"properties":{"role":"crustal","catalog_id":"GAF_175","catalog_name":"HimaTibetMap","fs_name":"Karakoram Fault","slip_type":"Dextral","net_slip_rate":"(6,1,11)"}},{"type":"Feature","geometry":{"type":"MultiLineString","coordinates":[[[78.5824553754136,33.60855421345829],[78.40474100538081,33.781399696640875],[78.30492882495143,33.87390854679493],[78.26354328672461,33.93233518899749],[78.16129666287013,34.01267182202602],[78.09556669039225,34.112484002455396]]]},"properties":{"role":"crustal","catalog_id":"GAF_176","catalog_name":"HimaTibetMap","fs_name":"Karakoram Fault","slip_type":"Dextral","net_slip_rate":"(6,1,11)"}},{"type":"Feature","geometry":{"type":"MultiLineString","coordinates":[[[77.69631796867473,34.521470497873345],[77.78152348855346,34.39001055291757],[77.81804013993006,34.33888724099033],[77.8667290084322,34.28289504221288],[77.95436897173605,34.21473062630989],[77.96897563228669,34.178213974933286],[78.02983671791436,34.15873842753243],[78.09069780354203,34.110049559030294]]]},"properties":{"role":"crustal","catalog_id":"GAF_177","catalog_name":"HimaTibetMap","fs_name":"Karakoram Fault","slip_type":"Dextral","net_slip_rate":"(6,1,11)"}},{"type":"Feature","geometry":{"type":"MultiLineString","coordinates":[[[77.62772475963989,34.604828342466575],[77.34968634077885,34.66146579816049],[76.76786520501406,34.91375991897885],[76.2426815249432,35.248435793533815],[75.75353986213209,35.588260527697315],[75.29529135697221,35.732428596736376],[75.00695521889409,35.81481035047298]]]},"properties":{"role":"crustal","catalog_id":"GAF_194","catalog_name":"HimaTibetMap","fs_name":null,"slip_type":"Reverse","net_slip_rate":null}},{"type":"Feature","geometry":{"type":"MultiLineString","coordinates":[[[75.15530221931256,37.86871867281799],[75.19780948226557,37.992376165044924],[75.21906311374208,38.029086983049794],[75.21133452047789,38.06966209768675],[75.15916651594466,38.1179658055879],[75.08381273161886,38.14501588201254],[75.0007303540289,38.16820166180509],[74.95242664612775,38.212641073074145],[74.93890160791544,38.266741225923425],[74.96015523939194,38.328569972036895],[75.02005183718936,38.39039871815036],[75.04323761698191,38.42324523952314],[75.05096621024609,38.47348109574033],[75.00845894729308,38.61646007112772],[74.98140887086844,38.68215311387328],[74.99493390908076,38.73432111840651],[75.02391613382144,38.7884212712558],[75.00652679897703,38.83672497915694],[74.96401953602403,38.89082513200623],[74.85388708200942,38.917875208430864],[74.78432974263177,38.919807356746915],[74.7012473650418,38.94106098822342],[74.65101150882461,38.968111064648056],[74.60463994923951,39.01255047591711],[74.57179342786672,39.08210781529476],[74.57758987281487,39.12847937487986],[74.61430069081973,39.16132589625264]]]},"properties":{"role":"crustal","catalog_id":"GAF_338","catalog_name":"HimaTibetMap","fs_name":"Kongur Shan","slip_type":"Normal","net_slip_rate":null}},{"type":"Feature","geometry":{"type":"MultiLineString","coordinates":[[[75.13934690079647,37.8264680233132],[75.20727399003246,37.690613844841224],[75.30161716952688,37.46041648687483],[75.3808654403022,37.30946739968375]]]},"properties":{"role":"crustal","catalog_id":"GAF_339","catalog_name":"HimaTibetMap","fs_name":"Kongur Shan","slip_type":"Normal","net_slip_rate":null}},{"type":"Feature","geometry":{"type":"MultiLineString","coordinates":[[[68.94962259861025,28.719841623883443],[69.30832365179293,28.55543697450804],[69.55493062585603,28.570382851723988],[69.77911878409522,28.749733378315334],[69.78659172270319,28.921610966298708]]]},"properties":{"role":"crustal","catalog_id":"GAF_520","catalog_name":"HimaTibetMap","fs_name":"Makran Thrust Belt","slip_type":"Reverse","net_slip_rate":null}},{"type":"Feature","geometry":{"type":"MultiLineString","coordinates":[[[70.01077988094238,28.98139447516249],[70.19013040753373,29.19063675618573],[70.21254922335764,29.3625143441691]]]},"properties":{"role":"crustal","catalog_id":"GAF_521","catalog_name":"HimaTibetMap","fs_name":"Makran Thrust Belt","slip_type":"Reverse","net_slip_rate":null}},{"type":"Feature","geometry":{"type":"MultiLineString","coordinates":[[[75.71745518288155,31.941298012056162],[75.7945216702877,31.838542695514622],[75.93837911344585,31.67413418904816],[76.03599666416031,31.504587916754623],[76.13361421487478,31.345317176115238],[76.21581846810801,31.232286327919546],[76.31857378464954,31.134668777205086],[76.44701793032647,31.01136239735524],[76.58573760765755,30.918882612467854],[76.70390622168031,30.898331549159547],[76.81179930404893,30.749336340174317],[76.95051898138,30.67740761859524],[77.15089184863601,30.600341131189086],[77.217682804388,30.523274643782933],[77.21254503856093,30.456483688030932],[77.41291790581693,30.410243795587242],[77.5310865198397,30.307488479045702],[77.64925513386247,30.307488479045702],[77.87017906442678,30.173906567541703],[77.97293438096831,30.09684008013555],[78.07055193168277,30.004360295248162],[78.23496043814923,29.855365086262932],[78.37881788130738,29.803987427992165],[78.5329508561197,29.783436364683855]]]},"properties":{"role":"crustal","catalog_id":"GAF_534","catalog_name":"HimaTibetMap","fs_name":"Main Frontal Thrust","slip_type":"Reverse","net_slip_rate":"(15,10,21)"}},{"type":"Feature","geometry":{"type":"MultiLineString","coordinates":[[[78.50726202698431,29.74747200389432],[78.553501919428,29.624165624044473],[78.71791042589446,29.552236902465395],[78.98507424890246,29.434068288442624],[79.11865616040646,29.382690630171858],[79.221411476948,29.326175206074012],[79.3755444517603,29.31076190859278],[79.4012332808957,29.31076190859278]]]},"properties":{"role":"crustal","catalog_id":"GAF_535","catalog_name":"HimaTibetMap","fs_name":"Main Frontal Thrust","slip_type":"Reverse","net_slip_rate":"(15,10,21)"}},{"type":"Feature","geometry":{"type":"MultiLineString","coordinates":[[[79.43976652459875,29.26709089906263],[79.59903726523814,29.205437709137705],[79.75317024005045,29.09754462676909],[79.90730321486275,29.071855797633706],[80.09226278463753,29.092406860942013],[80.13850267708122,29.11295792425032]]]},"properties":{"role":"crustal","catalog_id":"GAF_536","catalog_name":"HimaTibetMap","fs_name":"Main Frontal Thrust","slip_type":"Reverse","net_slip_rate":"(15,10,21)"}},{"type":"Feature","geometry":{"type":"MultiLineString","coordinates":[[[68.16381018545957,38.397753330077705],[68.02637449737271,38.309235429276],[67.94950368878176,38.167140904304844],[67.90291531993876,38.08328184038744],[67.8400210220007,37.99476393958574],[67.77246788717835,37.92488138632123],[67.68627940481879,37.86431650682533],[67.6350321990915,37.80142220888728],[67.57912615647989,37.710574889643425]]]},"properties":{"role":"crustal","catalog_id":"GAF_609","catalog_name":"HimaTibetMap","fs_name":null,"slip_type":"Reverse","net_slip_rate":null}},{"type":"Feature","geometry":{"type":"MultiLineString","coordinates":[[[67.61173801467,37.908575457226185],[67.46964348969884,37.77579860602363],[67.32754896472768,37.677963031453324],[67.27630175900038,37.61273931507312],[67.26931350367393,37.53120966959787],[67.26698408523178,37.47763304542842]]]},"properties":{"role":"crustal","catalog_id":"GAF_610","catalog_name":"HimaTibetMap","fs_name":null,"slip_type":"Reverse","net_slip_rate":null}},{"type":"Feature","geometry":{"type":"MultiLineString","coordinates":[[[66.416746353847,37.33320910201511],[66.53088785751235,37.42871525814327],[66.67065296404135,37.48462130075487],[66.80342981524392,37.54052734336647],[66.85933585785551,37.61506873351527],[66.92688899267787,37.66631593924257],[67.00608921971097,37.677963031453324],[67.05034817011182,37.73619849250708],[67.10159537583912,37.77113976913933],[67.15750141845072,37.77346918758148],[67.25533699302103,37.83170464863523],[67.32754896472768,37.90624603878403],[67.42305512085584,37.938857896974135],[67.48129058190959,37.98777568425929],[67.57679673803774,38.09027009571389],[67.6536675466287,38.146176138325494],[67.66764405728159,38.190435088726346],[67.7142324261246,38.230035202242895],[67.82837392978995,38.3511649612347],[67.84700927732715,38.416388677614904],[67.86564462486434,38.479282975552955]]]},"properties":{"role":"crustal","catalog_id":"GAF_622","catalog_name":"HimaTibetMap","fs_name":null,"slip_type":"Reverse","net_slip_rate":null}},{"type":"Feature","geometry":{"type":"MultiLineString","coordinates":[[[67.93458085188672,38.47789988335293],[68.0983680861004,38.51793676282739],[68.21847872452376,38.576172223881144],[68.34586879557885,38.579811940197004],[68.45506028505463,38.579811940197004],[68.6115680866366,38.572532507565285],[68.71711985979651,38.572532507565285],[68.78627446979785,38.59437080546044],[68.81539220032472,38.565253074933565],[68.94642198769567,38.561613358617706],[69.1138489382252,38.62348853598731],[69.21212127875341,38.68172399704107]]]},"properties":{"role":"crustal","catalog_id":"GAF_624","catalog_name":"HimaTibetMap","fs_name":null,"slip_type":"Reverse","net_slip_rate":null}},{"type":"Feature","geometry":{"type":"MultiLineString","coordinates":[[[66.41935436650674,34.62795374475837],[66.78960032570004,34.651687460091274],[67.15984628489332,34.72288860608998]]]},"properties":{"role":"crustal","catalog_id":"GAF_642","catalog_name":"HimaTibetMap","fs_name":"Herat Fault","slip_type":"Dextral","net_slip_rate":null}},{"type":"Feature","geometry":{"type":"MultiLineString","coordinates":[[[67.20731371555912,34.73238209222314],[67.76742939741564,34.803583238221854]]]},"properties":{"role":"crustal","catalog_id":"GAF_643","catalog_name":"HimaTibetMap","fs_name":"Herat Fault","slip_type":"Dextral","net_slip_rate":null}},{"type":"Feature","geometry":{"type":"MultiLineString","coordinates":[[[68.65907290965767,33.95033017566777],[68.53222331730882,33.75535765409455],[68.45235505545955,33.64495152742057],[68.45470412198453,33.64495152742057]]]},"properties":{"role":"crustal","catalog_id":"GAF_645","catalog_name":"HimaTibetMap","fs_name":"Chaman Fault","slip_type":"Sinistral","net_slip_rate":null}},{"type":"Feature","geometry":{"type":"MultiLineString","coordinates":[[[66.47208135556876,35.957915500481185],[66.0781885680049,35.957915500481185],[65.88803342918098,36.03488305667182],[65.64354825069309,36.0892130963358],[65.45792061517449,36.09374059964113],[65.2451279598239,36.08468559303047],[64.91914772184003,36.0031905335345],[64.72446507971077,35.96697050709185]]]},"properties":{"role":"crustal","catalog_id":"GAF_662","catalog_name":"HimaTibetMap","fs_name":null,"slip_type":"Reverse","net_slip_rate":null}},{"type":"Feature","geometry":{"type":"MultiLineString","coordinates":[[[65.03233530447332,35.903585460817204],[64.83312515903873,35.89000295090121],[64.63844251690948,35.85831042776389],[64.47092489461221,35.80398038809991],[64.20832970290297,35.776815368267926],[64.19474719298698,35.776815368267926],[64.04986708721637,35.77228786496259]]]},"properties":{"role":"crustal","catalog_id":"GAF_663","catalog_name":"HimaTibetMap","fs_name":null,"slip_type":"Reverse","net_slip_rate":null}},{"type":"Feature","geometry":{"type":"MultiLineString","coordinates":[[[64.31246227892561,35.695320308771954],[64.16305466984966,35.60929774597066],[63.93215200127775,35.577605222833334],[63.732941855843166,35.573077719528],[63.57900674346189,35.573077719528],[63.46129165752327,35.527802686474686],[63.307356545142,35.47800015011604]]]},"properties":{"role":"crustal","catalog_id":"GAF_664","catalog_name":"HimaTibetMap","fs_name":null,"slip_type":"Reverse","net_slip_rate":null}},{"type":"Feature","geometry":{"type":"MultiLineString","coordinates":[[[72.47831911930709,39.25394619551792],[72.3474370221832,39.24436945670398],[72.11440304437726,39.20606250144821],[71.9452139919976,39.16775554619243],[71.76325595453268,39.15498656110718],[71.57172117825382,39.14860206856455],[71.42168560350206,39.14540982229323],[71.21099734959532,39.08156489686695],[70.99073235687463,38.97302852364226],[70.85027352093681,38.87406888923152],[70.65235425211532,38.791070486177354],[70.31078390108469,38.59315121735587],[70.14478709497635,38.4431156426041],[70.03305847548035,38.32181028429415],[69.96282905751144,38.22285064988341],[69.8638694231007,38.082391813945584],[69.74575631106207,37.84616558986833],[69.69148812444972,37.73762921664364],[69.65637341546527,37.64505407477553],[69.64679667665132,37.56524791799267],[69.62445095275213,37.45351929849667],[69.58295175122504,37.338598432729356],[69.54783704224059,37.24283104458993],[69.47441537800036,37.11194894746605],[69.38184023613223,37.04810402203976],[69.36268675850435,36.97468235779953]]]},"properties":{"role":"crustal","catalog_id":"GAF_727","catalog_name":"HimaTibetMap","fs_name":"Main Pamir Thrust","slip_type":"Reverse","net_slip_rate":null}},{"type":"Feature","geometry":{"type":"MultiLineString","coordinates":[[[73.01022715426483,39.50812880487132],[72.81071176230768,39.52009972838875],[72.64311883306368,39.50413849703218],[72.39172943919769,39.47620634215818],[72.19221404724054,39.47620634215818],[72.01664050231825,39.47620634215818],[71.84505726523511,39.47620634215818],[71.69342556734769,39.404380801053605],[71.5737163321734,39.31659402859246],[71.4420361734817,39.25673941100532],[71.22655955016798,39.20486540909646],[70.91930584655398,39.14900109934847],[70.71180983891855,39.08116586608304],[70.44844952153512,39.05722401904818],[70.28085659229113,39.00135970930018],[70.1012927395297,38.88963108980418],[69.98158350435541,38.83376678005618],[69.8499033456637,38.78189277814732],[69.67033949290227,38.6023289253859],[69.52668841069313,38.434735996141896]]]},"properties":{"role":"crustal","catalog_id":"GAF_728","catalog_name":"HimaTibetMap","fs_name":"Main Pamir Thrust","slip_type":"Reverse","net_slip_rate":"Some slip rate may be on neighboring faults"}},{"type":"Feature","geometry":{"type":"MultiLineString","coordinates":[[[76.89232891466592,36.4331262085334],[77.21630722280148,36.46105537302785],[77.53469969803814,36.45546954012896],[77.93129383385923,36.37726787954451],[78.41726129606255,36.26555122156674],[78.81944126478254,36.21527872547674],[79.1881062361092,36.15942039648785],[79.64055870091919,36.08121873590341],[80.11535449732473,35.980673743723415],[80.65718028851694,35.91922958183564],[80.86944193867471,35.87454291864453],[81.1710769152147,35.89688625024008],[81.5676710510358,35.941572913431195],[81.84696269598024,36.04211790561119],[82.09273934353135,36.114733733296745],[82.29382932789134,36.14266289779118],[82.60105013733022,36.17059206228563],[82.89151344807243,36.21527872547674],[82.99764427315132,36.237622057072294]]]},"properties":{"role":"crustal","catalog_id":"GAF_736","catalog_name":"HimaTibetMap","fs_name":"Karakax Fault","slip_type":"Sinistral","net_slip_rate":"(7,4,10)"}},{"type":"Feature","geometry":{"type":"MultiLineString","coordinates":[[[79.75301140202438,37.03087249211173],[79.5021871068833,37.16896676696469],[79.36972933304475,37.21405877507994],[79.20627080362695,37.25351428218079],[78.9836290135579,37.30142454080324],[78.75535072247443,37.30706104181765],[78.58061919102784,37.37188080348332],[78.46788917073971,37.45079181768501],[78.38897815653802,37.524066330872294],[78.19451887154099,37.681888359275675],[77.9380580753855,37.743889870434145],[77.69287028125882,37.75234462195576],[77.49559274575459,37.757981122970165],[77.33495246684402,37.76925412499897],[77.20813119401987,37.831255636157444],[77.11512892728216,37.92707615340235],[76.92066964228513,38.2258107071659],[76.90657838974911,38.37235973354047],[76.83894037757624,38.53018176194385]]]},"properties":{"role":"crustal","catalog_id":"GAF_758","catalog_name":"HimaTibetMap","fs_name":"Western Kunlun Shan Thrust Belt","slip_type":"Reverse","net_slip_rate":null}},{"type":"Feature","geometry":{"type":"MultiLineString","coordinates":[[[70.29569283752252,32.29492209015927],[70.3224025559592,32.336728605973185],[70.33749935333644,32.357631863880144],[70.36885424019688,32.3785351217871],[70.3967252507395,32.39711579548217],[70.42808013759993,32.42034163760102],[70.44433822708312,32.44937394024957],[70.4489833955069,32.478406242898124],[70.47453182183762,32.49930950080508],[70.49078991132082,32.49930950080508],[70.5372415955585,32.457502984991166],[70.56279002188923,32.41801905338913],[70.5953062008556,32.37388995336333]]]},"properties":{"role":"crustal","catalog_id":"GAF_880","catalog_name":"HimaTibetMap","fs_name":null,"slip_type":"Reverse","net_slip_rate":null}},{"type":"Feature","geometry":{"type":"MultiLineString","coordinates":[[[70.35027356650181,31.391436831736275],[70.30149929805224,31.54472738972064],[70.26549924276803,31.61556620818311],[70.23762823222542,31.677114689798046],[70.22949918748382,31.743308339836748],[70.226015311166,31.806018113557624],[70.2097572216828,31.901244066244878],[70.18072491903425,31.9651151320717],[70.14704744796194,32.02782490579258],[70.11104739267772,32.114921813738235],[70.08782155055889,32.163696082187805],[70.09827317951236,32.188083216412586],[70.13891840322034,32.20666389010766],[70.18769267166991,32.24150265328593],[70.20278946904716,32.27750270857013]]]},"properties":{"role":"crustal","catalog_id":"GAF_881","catalog_name":"HimaTibetMap","fs_name":"Makran Thrust Belt","slip_type":"Reverse","net_slip_rate":null}},{"type":"Feature","geometry":{"type":"MultiLineString","coordinates":[[[64.44444618336613,34.05177698680632],[64.2866257345399,34.012321874599756],[64.15416928641788,33.9813214292946],[63.97098483688743,33.93341165018664],[63.83430105531471,33.89677476028055],[63.57643371482185,33.83618298082048],[63.42002237714585,33.772772979059944],[63.334066596981565,33.74459075605526],[63.26783837292056,33.74036342260455],[63.20442837116001,33.71922675535104],[63.071971923038,33.669907865092846],[62.9733341425216,33.64031653093792],[62.88456014005685,33.61213430793324],[62.77887680378928,33.57831564032762]]]},"properties":{"role":"crustal","catalog_id":"GAF_882","catalog_name":"HimaTibetMap","fs_name":null,"slip_type":"Sinistral","net_slip_rate":null}},{"type":"Feature","geometry":{"type":"MultiLineString","coordinates":[[[73.83382012579224,38.12948575005296],[73.9502804408215,38.04759959104801],[74.02124844529244,37.958434662353746],[74.16864353150133,37.84561373216916],[74.31057954044323,37.76008818831956],[74.40702323882682,37.709136800494264],[74.56533647956971,37.62543094906699],[74.65086202341932,37.581758330931024],[74.73092849000193,37.52534786583873],[74.82737218838552,37.48167524770276],[74.94383250341477,37.4325435522998],[75.03481712453137,37.41252693565414]]]},"properties":{"role":"crustal","catalog_id":"GAF_887","catalog_name":"HimaTibetMap","fs_name":null,"slip_type":"Dextral","net_slip_rate":null}},{"type":"Feature","geometry":{"type":"MultiLineString","coordinates":[[[79.11058230500839,33.07151125675482],[79.10976309469858,33.03847031116408],[79.10976309469858,32.998495366266134],[79.11166666350324,32.96613469658684],[79.1192809387219,32.9204490452749],[79.1192809387219,32.87666696276762],[79.12879878274522,32.83669201786967],[79.13260592035455,32.7871992289484],[79.13641305796388,32.75483855926911],[79.14851798014045,32.69476010918496],[79.17638800286183,32.634913724575256],[79.20851072644054,32.53116922472105]]]},"properties":{"role":"crustal","catalog_id":"GAF_903","catalog_name":"HimaTibetMap","fs_name":null,"slip_type":"Dextral","net_slip_rate":null}},{"type":"Feature","geometry":{"type":"MultiLineString","coordinates":[[[79.32177307031806,32.4854835734091],[79.29607489145508,32.465496100960124],[79.26609368278162,32.434087215683164],[79.24182318052215,32.39553994738871],[79.21898035486618,32.36698641531875],[79.18614379298572,32.334149853438284],[79.16615632053674,32.309879351178814],[79.14902420129476,32.285608848919345],[79.13189208205279,32.26419369986687],[79.10333854998282,32.23421249119341],[79.09191713715484,32.21279734214094],[79.07192966470586,32.192809869691956],[79.0419484560324,32.14997957158701],[79.02481633679042,32.12713674593104],[79.00340118773794,32.09001715424009],[78.98769674509946,32.068602005187614],[78.98055836208196,32.045759179531636],[78.9534325066155,32.01720564746167],[78.93058968095953,31.9943628218057],[78.91631291492455,31.96580928973573],[78.90203614888956,31.937255757665767]]]},"properties":{"role":"crustal","catalog_id":"GAF_904","catalog_name":"HimaTibetMap","fs_name":"Qusum Detachment","slip_type":"Normal","net_slip_rate":null}},{"type":"Feature","geometry":{"type":"MultiLineString","coordinates":[[[78.61364547498292,31.840173748627887],[78.60507941536193,31.867299604094352],[78.61079012177592,31.924406668234283],[78.61650082818991,31.95724323011474],[78.61650082818993,31.998645851616192],[78.63077759422491,32.02862706028966],[78.67075253912286,32.05860826896312],[78.72357657345229,32.0757403882051],[78.77497293117823,32.09144483084358],[78.84635676135314,32.12285371612054],[78.86777191040561,32.1542626013975],[78.88347635304409,32.19566522289895],[78.90060847228607,32.2370678444004],[78.91631291492455,32.272759759487855]]]},"properties":{"role":"crustal","catalog_id":"GAF_905","catalog_name":"HimaTibetMap","fs_name":"Leo Pargil Detachment","slip_type":"Normal","net_slip_rate":null}},{"type":"Feature","geometry":{"type":"MultiLineString","coordinates":[[[78.92487897454554,32.02148867727217],[78.90631917870006,31.980086055770716],[78.90203614888956,31.937255757665767],[78.88347635304409,31.894425459560818],[78.8749102934231,31.855878191266367],[78.84635676135314,31.823041629385905],[78.81209252286918,31.81162021655792],[78.76926222476423,31.814475569764916],[78.73785333948727,31.83731839542089],[78.69216768817532,31.834463042213894],[78.65219274327737,31.817330922971912],[78.61364547498292,31.840173748627887]]]},"properties":{"role":"crustal","catalog_id":"GAF_906","catalog_name":"HimaTibetMap","fs_name":"Leo Pargil Detachment","slip_type":"Normal","net_slip_rate":null}},{"type":"Feature","geometry":{"type":"MultiLineString","coordinates":[[[78.21773488975943,33.251907963387076],[78.22963219478858,33.19718036025298],[78.23201165579441,33.14959114013637],[78.24390896082356,33.11865814706057],[78.25342680484688,33.08534569297895],[78.26532410987603,33.04489485587983],[78.271389,33.005556],[78.271389,32.959444],[78.286389,32.908611],[78.283611,32.859722],[78.296667,32.821389],[78.30577494697516,32.75698007417435],[78.32719009602764,32.711770315063575],[78.36050255010926,32.68559624399944],[78.37715877715007,32.67131947796445]]]},"properties":{"role":"crustal","catalog_id":"GAF_907","catalog_name":"HimaTibetMap","fs_name":null,"slip_type":"Normal","net_slip_rate":null}},{"type":"Feature","geometry":{"type":"MultiLineString","coordinates":[[[79.73833737835118,34.02388360102315],[79.76308377281181,34.02198003221849],[79.78402302966312,34.04101572026513],[79.79925158010043,34.061003192714104],[79.80686585531909,34.079087096358414],[79.81067299292842,34.09431564679573],[79.80876942412375,34.11335133484237],[79.80401050211209,34.13143523848668],[79.80591407091676,34.14095308251],[79.81638369934241,34.15427806414265],[79.82685332776806,34.16189233936131],[79.8297681675002,34.167959964926176],[79.83452708951187,34.175395780569396],[79.83720398314343,34.180749567832514],[79.84077317465217,34.18610335509563],[79.8473166924182,34.190267411855835],[79.85058845130122,34.195026333867496],[79.8544550754357,34.200082688504885],[79.85534737331288,34.20870823465102],[79.85415764280997,34.220010674428714],[79.8514807491784,34.227446490071934],[79.84999358604976,34.23488230571515],[79.84999358604976,34.2426155539841],[79.84820899029539,34.25064623487878],[79.84761412504393,34.25748718527054],[79.84463979878664,34.26581529879095],[79.84196290515509,34.273845979685625],[79.8389885788978,34.28247152583176],[79.83958344414926,34.28723044784342],[79.83988087677498,34.293476532983725],[79.84017830940071,34.29764058974393],[79.8318501958803,34.303589242258504],[79.82203491923126,34.308348164270164],[79.81340937308512,34.3169737104163],[79.80686585531909,34.32351722818233],[79.80121463543024,34.330358178574095],[79.79496855028994,34.33898372472023],[79.78872246514963,34.34582467511199],[79.78277381263506,34.349988731872195],[79.78158408213214,34.354747653883855],[79.78128664950641,34.361886036901346],[79.78069178425496,34.36605009366155],[79.77742002537194,34.369619285170295],[79.77474313174038,34.37497307243341],[79.77414826648892,34.3800294270708],[79.7738508338632,34.384193483831005],[79.77474313174038,34.389249838468395],[79.77236367073455,34.394008760480055],[79.76909191185153,34.39995741299463],[79.76760474872289,34.408880391766495],[79.76968677710299,34.41423417902961],[79.76909191185153,34.423752023052934],[79.77057907498018,34.42523918618158]]]},"properties":{"role":"crustal","catalog_id":"GAF_911","catalog_name":"HimaTibetMap","fs_name":null,"slip_type":"Normal","net_slip_rate":null}},{"type":"Feature","geometry":{"type":"MultiLineString","coordinates":[[[65.29402888620336,26.371587310761754],[65.30830565223835,26.38943326830548],[65.32793620553645,26.40906382160358],[65.34459243257726,26.42393545289002],[65.35767946810932,26.437617353673545],[65.37671515615597,26.453083850211442],[65.38801759593366,26.461411963731848],[65.40824301448322,26.476283595018288],[65.42073518476383,26.493534687310557],[65.44452979482213,26.51970875837469],[65.45583223459982,26.5322009286553],[65.46713467437752,26.54409823368445],[65.47903197940667,26.55659040396506],[65.49330874544165,26.567892843742754],[65.5201371682823,26.59406691480706],[65.53798312582603,26.60536935458458],[65.5397677215804,26.62024098587119],[65.53798312582603,26.64225100017495],[65.54750096984935,26.66247641872468],[65.5552342181183,26.679132645765492],[65.57308017566203,26.702332390572337],[65.58438261543972,26.712445099847116],[65.59271072896013,26.724342404876268],[65.61138949785601,26.747542149683113],[65.62507139863953,26.77312135549579],[65.63875329942306,26.783234064770568],[65.65303006545804,26.801080022314295],[65.66254790948136,26.812977327343447],[65.66730683149302,26.822495171366768],[65.67087602300177,26.83677193740175],[65.67622981026489,26.84628978142507],[65.68277332803092,26.857592221202765],[65.68753225004258,26.870084391483374],[65.6887219805455,26.881981696512526],[65.69823982456882,26.89090467528439],[65.70597307283776,26.901612249810626],[65.71430118635817,26.917078746348523],[65.71727551261546,26.92957091662913],[65.72381903038149,26.93968362590391],[65.73274200915336,26.950391200430147],[65.75356229295437,26.97180634948262],[65.76248527172623,26.98429851976323],[65.7672441937379,26.992031768032177],[65.77497744200684,27.006903399318617],[65.77676203776122,27.01820583909631],[65.78033122926996,27.031292874628377],[65.79341826480203,27.041405583903156],[65.79996178256806,27.053302888932308],[65.80293610882535,27.059251541446883],[65.81304881810013,27.06995911597312],[65.81840260536325,27.07947695999644],[65.82970504514094,27.098512648043084],[65.8302999103924,27.112194548826608],[65.82661174583319,27.1389634851422],[65.82661174583319,27.15181257457357],[65.8251840692298,27.167517017212163],[65.82946709904024,27.181793783247144],[65.83803315866135,27.208919638713496],[65.84945457148928,27.22605175795553]]]},"properties":{"role":"crustal","catalog_id":"GAF_920","catalog_name":"HimaTibetMap","fs_name":null,"slip_type":"Reverse","net_slip_rate":null}},{"type":"Feature","geometry":{"type":"MultiLineString","coordinates":[[[65.7086400520484,27.511537506550894],[65.70388113003673,27.52938346409462],[65.70388113003673,27.553178074152925],[65.70507086053965,27.573403492702482],[65.71101951305423,27.585300797731634],[65.71339897406006,27.60076729426953],[65.71934762657463,27.615044060304513],[65.72172708758046,27.62575163483075],[65.72648600959212,27.6376489398599],[65.72767574009504,27.653115436397798],[65.72767574009504,27.682858698970676]]]},"properties":{"role":"crustal","catalog_id":"GAF_922","catalog_name":"HimaTibetMap","fs_name":null,"slip_type":"Reverse","net_slip_rate":null}},{"type":"Feature","geometry":{"type":"MultiLineString","coordinates":[[[65.7871622652408,27.790529309484498],[65.78240334322913,27.825031494069037],[65.7800238822233,27.840497990606934],[65.77764442121747,27.859533678653577],[65.77407522970873,27.879759097203134],[65.76574711618832,27.89760505474686],[65.7645573856854,27.92734831731974],[65.76336765518249,27.953522388383874],[65.76336765518249,27.983265650956753],[65.76336765518249,28.00587053051214],[65.75266008065626,28.0260959490617],[65.7479011586446,28.043941906605426],[65.7479011586446,28.055839211634577],[65.75147035015334,28.083203013201626],[65.74433196713585,28.129602502815317],[65.74195250613002,28.1438792688503]]]},"properties":{"role":"crustal","catalog_id":"GAF_923","catalog_name":"HimaTibetMap","fs_name":null,"slip_type":"Reverse","net_slip_rate":null}},{"type":"Feature","geometry":{"type":"MultiLineString","coordinates":[[[62.11746628937732,26.15229221869606],[62.18028405993135,26.156099356305504],[62.25261967450865,26.159906493914775],[62.30591960103931,26.163713631524217],[62.35350882115591,26.165617200328825],[62.39729090366308,26.167520769133432],[62.442976554975075,26.169424337938096],[62.47533722465431,26.167520769133432],[62.50579432552905,26.156099356305504],[62.55338354564566,26.144677943477575],[62.59335849054361,26.14277437467274],[62.62762272902745,26.144677943477575],[62.67330838033939,26.135160099454254],[62.726608306870105,26.13135296184481],[62.77610109579132,26.13135296184481],[62.80655819666589,26.125642255430932],[62.88270094885246,26.119931549016826],[62.93409730657851,26.119931549016826],[62.981686526695114,26.11612441140761],[63.02927574681172,26.114220842602776],[63.07115426051428,26.11231727379817],[63.13016489345881,26.110413704993505],[63.2005969392315,26.110413704993505],[63.24628259054333,26.110413704993505],[63.333846755558,26.108510136188897],[63.37953240686983,26.10660656738429],[63.451868021447126,26.102799429774848],[63.49374653514985,26.102799429774848],[63.5603714433131,26.104702998579455],[63.61747850745303,26.09708872336097],[63.68219984681144,26.09708872336097],[63.754725818269264,26.091378016946862],[63.81183288240919,26.091378016946862],[63.87084351535373,26.102799429774848],[63.916529166665725,26.104702998579455],[63.98125050602414,26.12183511782149],[64.0535861206015,26.12754582423554],[64.12201941912912,26.14144187650959]]]},"properties":{"role":"crustal","catalog_id":"GAF_928","catalog_name":"HimaTibetMap","fs_name":null,"slip_type":"Reverse","net_slip_rate":null}},{"type":"Feature","geometry":{"type":"MultiLineString","coordinates":[[[63.26110663260971,27.20437090242399],[63.33106278618101,27.190094136389007],[63.3838868205105,27.18581110657857],[63.415295705787514,27.190094136389007],[63.45241529747835,27.190094136389007],[63.48096882954832,27.19294948959606],[63.512377714825334,27.19152181299262],[63.54378660010235,27.19152181299262],[63.579478515189805,27.194377166199672],[63.616598106880645,27.20008787261355],[63.64800699215766,27.207226255631042],[63.68655426045217,27.21293696204509],[63.71796314572913,27.222930698269636],[63.7393782947816,27.221503021666024],[63.773642533265445,27.227213728080073],[63.800768388732024,27.23863514090806],[63.839315657026475,27.242918170718497],[63.87072454230332,27.25291190694304],[63.897850397769844,27.272899379392072],[63.92212090002937,27.285748468823442],[63.95495746190977,27.295742205047986],[63.99493240680766,27.308591294479527],[64.02348593887763,27.318585030703844],[64.05460928883394,27.32429573711795],[64.0931565571284,27.32429573711795],[64.11599938278431,27.325723413721335],[64.14026988504384,27.33571714994588],[64.15454665107882,27.33714482654949],[64.18452785975217,27.34285553296337],[64.21165371521874,27.34856623937742],[64.2344965408746,27.358559975601963],[64.26733310275523,27.365698358619454],[64.27732683897955,27.372836741636945],[64.29445895822158,27.37569209484377],[64.33300622651609,27.384258154464874],[64.36013208198261,27.399962597103297],[64.39582399707007,27.41423936313828],[64.41723914612254,27.41995006955233]]]},"properties":{"role":"crustal","catalog_id":"GAF_930","catalog_name":"HimaTibetMap","fs_name":null,"slip_type":"Reverse","net_slip_rate":null}},{"type":"Feature","geometry":{"type":"MultiLineString","coordinates":[[[61.73582453865231,27.64849729916233],[61.74474751742417,27.61637457558362],[61.76080887921353,27.58960563926803],[61.78400862402037,27.571759681724302],[61.80363917731847,27.55748291568932],[61.825054326370946,27.536067766636847],[61.83576190089718,27.50394504305814],[61.85539245419528,27.480745298251293],[61.87323841173901,27.470037723725056],[61.89286896503711,27.455760957690075]]]},"properties":{"role":"crustal","catalog_id":"GAF_931","catalog_name":"HimaTibetMap","fs_name":null,"slip_type":"Reverse","net_slip_rate":null}},{"type":"Feature","geometry":{"type":"MultiLineString","coordinates":[[[61.75723968770478,27.678835426986666],[61.78936241128349,27.637789724636093],[61.805423773072846,27.60923619256613],[61.817915943353455,27.58425185200491],[61.84825407117779,27.553913724180575],[61.876807603247755,27.520006404847493],[61.89465356079148,27.487883681268784],[61.91071492258084,27.468253127970684],[61.93213007163331,27.443268787409465],[61.962468199457646,27.421853638356993],[61.98923713577324,27.402223085058893],[62.0177906678432,27.386161723269538],[62.053482582930656,27.350469808182083],[62.07489773198313,27.327270063375238],[62.10166666829872,27.30942410583151],[62.12843560461431,27.2969319355509],[62.156989136684274,27.280870573761547],[62.20695781780671,27.266593807726565],[62.255141903174774,27.254101637445956],[62.289049222507856,27.248747850182838],[62.31938735033219,27.239824871410974],[62.34437169089341,27.234471084147856]]]},"properties":{"role":"crustal","catalog_id":"GAF_932","catalog_name":"HimaTibetMap","fs_name":null,"slip_type":"Reverse","net_slip_rate":null}},{"type":"Feature","geometry":{"type":"MultiLineString","coordinates":[[[63.366,24.285],[62.581,24.283]]]},"properties":{"role":"makran_subduction","catalog_id":"PB_1339.0","catalog_name":"Bird 2003","fs_name":null,"slip_type":"Subduction_Thrust","net_slip_rate":"(42.7,,)"}},{"type":"Feature","geometry":{"type":"MultiLineString","coordinates":[[[62.581,24.283],[61.955,24.087]]]},"properties":{"role":"makran_subduction","catalog_id":"PB_1340.0","catalog_name":"Bird 2003","fs_name":null,"slip_type":"Subduction_Thrust","net_slip_rate":"(42.2,,)"}},{"type":"Feature","geometry":{"type":"MultiLineString","coordinates":[[[61.955,24.087],[61.365,24.122]]]},"properties":{"role":"makran_subduction","catalog_id":"PB_1341.0","catalog_name":"Bird 2003","fs_name":null,"slip_type":"Subduction_Thrust","net_slip_rate":"(41.9,,)"}},{"type":"Feature","geometry":{"type":"MultiLineString","coordinates":[[[61.365,24.122],[60.87,24.177]]]},"properties":{"role":"makran_subduction","catalog_id":"PB_1342.0","catalog_name":"Bird 2003","fs_name":null,"slip_type":"Subduction_Thrust","net_slip_rate":"(41.5,,)"}},{"type":"Feature","geometry":{"type":"MultiLineString","coordinates":[[[60.87,24.177],[60.374,24.232]]]},"properties":{"role":"makran_subduction","catalog_id":"PB_1343.0","catalog_name":"Bird 2003","fs_name":null,"slip_type":"Subduction_Thrust","net_slip_rate":"(41.2,,)"}},{"type":"Feature","geometry":{"type":"MultiLineString","coordinates":[[[60.374,24.232],[59.603,24.311]]]},"properties":{"role":"makran_subduction","catalog_id":"PB_1344.0","catalog_name":"Bird 2003","fs_name":null,"slip_type":"Subduction_Thrust","net_slip_rate":"(40.7,,)"}},{"type":"Feature","geometry":{"type":"MultiLineString","coordinates":[[[59.603,24.311],[58.716,24.363]]]},"properties":{"role":"makran_subduction","catalog_id":"PB_1345.0","catalog_name":"Bird 2003","fs_name":null,"slip_type":"Subduction_Thrust","net_slip_rate":"(40.2,,)"}},{"type":"Feature","geometry":{"type":"MultiLineString","coordinates":[[[58.716,24.363],[57.832,24.443]]]},"properties":{"role":"makran_subduction","catalog_id":"PB_1346.0","catalog_name":"Bird 2003","fs_name":null,"slip_type":"Subduction_Thrust","net_slip_rate":"(39.6,,)"}},{"type":"Feature","geometry":{"type":"MultiLineString","coordinates":[[[60.97,19.813],[61.23,20.23]]]},"properties":{"role":"crustal","catalog_id":"PB_5270.0","catalog_name":"Bird 2003","fs_name":null,"slip_type":"Dextral_Transform","net_slip_rate":"(7.2,,)"}},{"type":"Feature","geometry":{"type":"MultiLineString","coordinates":[[[61.23,20.23],[61.492,20.644]]]},"properties":{"role":"crustal","catalog_id":"PB_5271.0","catalog_name":"Bird 2003","fs_name":null,"slip_type":"Dextral_Transform","net_slip_rate":"(7.2,,)"}},{"type":"Feature","geometry":{"type":"MultiLineString","coordinates":[[[61.492,20.644],[61.848,21.126]]]},"properties":{"role":"crustal","catalog_id":"PB_5272.0","catalog_name":"Bird 2003","fs_name":null,"slip_type":"Dextral_Transform","net_slip_rate":"(7.2,,)"}},{"type":"Feature","geometry":{"type":"MultiLineString","coordinates":[[[61.848,21.126],[62.096,21.425]]]},"properties":{"role":"crustal","catalog_id":"PB_5273.0","catalog_name":"Bird 2003","fs_name":null,"slip_type":"Dextral_Transform","net_slip_rate":"(7.2,,)"}},{"type":"Feature","geometry":{"type":"MultiLineString","coordinates":[[[62.132,22.083],[62.502,22.385]]]},"properties":{"role":"crustal","catalog_id":"PB_5275.0","catalog_name":"Bird 2003","fs_name":null,"slip_type":"Dextral_Transform","net_slip_rate":"(7.3,,)"}},{"type":"Feature","geometry":{"type":"MultiLineString","coordinates":[[[62.502,22.385],[62.877,22.683]]]},"properties":{"role":"crustal","catalog_id":"PB_5276.0","catalog_name":"Bird 2003","fs_name":null,"slip_type":"Dextral_Transform","net_slip_rate":"(7.3,,)"}},{"type":"Feature","geometry":{"type":"MultiLineString","coordinates":[[[62.877,22.683],[63.631,23.201]]]},"properties":{"role":"crustal","catalog_id":"PB_5277.0","catalog_name":"Bird 2003","fs_name":null,"slip_type":"Dextral_Transform","net_slip_rate":"(7.3,,)"}},{"type":"Feature","geometry":{"type":"MultiLineString","coordinates":[[[63.631,23.201],[64.275,23.694]]]},"properties":{"role":"crustal","catalog_id":"PB_5278.0","catalog_name":"Bird 2003","fs_name":null,"slip_type":"Dextral_Transform","net_slip_rate":"(7.3,,)"}},{"type":"Feature","geometry":{"type":"MultiLineString","coordinates":[[[64.275,23.694],[64.651,24.038]]]},"properties":{"role":"crustal","catalog_id":"PB_5279.0","catalog_name":"Bird 2003","fs_name":null,"slip_type":"Dextral_Transform","net_slip_rate":"(7.3,,)"}}]}